1,9.45102,2.38,4.39751,4.21765,3.73
2,9.89652,2.80989,4.51239,4.38015,3.73
3,10.3527,3.25411,4.61132,4.50423,3.73
4,10.81753,3.70859,4.68523,4.58534,3.73
5,11.28818,4.16912,4.72783,4.62536,3.73
6,11.76134,4.63198,4.7352,4.63172,3.73
7,12.23332,5.09432,4.7044,4.61517,3.73
8,12.70024,5.55442,4.63401,4.58683,3.73
9,13.15827,6.01154,4.52656,4.55561,3.73
10,13.60413,6.46569,4.39065,4.52727,3.73
11,14.03567,6.91725,4.24028,4.50404,3.73
12,14.45224,7.3667,4.09102,4.48488,3.73
13,14.85456,7.81429,3.95548,4.46703,3.73
14,15.24436,8.26001,3.8404,4.4472,3.73
15,15.62369,8.70343,3.74622,4.42134,3.73
16,15.99447,9.14376,3.66945,4.38522,3.73
17,16.35825,9.57981,3.60609,4.33567,3.73
18,16.71625,10.01014,3.5539,4.27103,3.73
19,17.06959,10.43327,3.51299,4.19166,3.73
20,17.4195,10.84788,3.48507,4.10036,3.73
21,17.76729,11.25294,3.47088,4.00101,3.73
22,18.11424,11.64789,3.46803,3.89792,3.73
23,18.4612,12.03259,3.4712,3.79609,3.73
24,18.80848,12.4074,3.47441,3.70006,3.73
25,19.15587,12.77299,3.47334,3.61187,3.73
26,19.50287,13.13013,3.46665,3.53089,3.73
27,19.84901,13.47945,3.45609,3.4555,3.73
28,20.1941,13.82145,3.44582,3.38451,3.73
29,20.53846,14.15657,3.44129,3.31784,3.73
30,20.88293,14.48529,3.44808,3.25658,3.73
31,21.22886,14.80825,3.47057,3.20253,3.73
32,21.57791,15.12626,3.51054,3.15768,3.73
33,21.93175,15.44031,3.56622,3.12344,3.73
34,22.29172,15.75148,3.63312,3.09983,3.73
35,22.65868,16.06072,3.7061,3.08511,3.73
36,23.03299,16.36882,3.78015,3.07677,3.73
37,23.41447,16.6763,3.84942,3.07292,3.73
38,23.80233,16.98358,3.90786,3.07268,3.73
39,24.19534,17.29102,3.95233,3.07606,3.73
40,24.59219,17.59901,3.9846,3.08388,3.73
41,24.99189,17.90807,4.00933,3.09713,3.73
42,25.39391,18.21873,4.03103,3.11624,3.73
43,25.79814,18.53164,4.05358,3.14191,3.73
44,26.20486,18.8475,4.08092,3.17519,3.73
45,26.61477,19.16705,4.11714,3.21598,3.73
46,27.02891,19.49098,4.16585,3.26255,3.73
47,27.44867,19.81976,4.22931,3.31299,3.73
48,27.87555,20.15372,4.30831,3.36625,3.73
49,28.31111,20.49313,4.40274,3.42196,3.73
50,28.75682,20.83826,4.51156,3.48066,3.73
51,29.21402,21.1895,4.63232,3.54415,3.73
52,29.68365,21.54745,4.76047,3.61477,3.73
53,30.16614,21.91292,4.88927,3.69475,3.73
54,30.66119,22.28696,5.0117,3.7859,3.73
55,31.16794,22.67066,5.12334,3.88812,3.73
56,31.68529,23.06498,5.22368,3.99831,3.73
57,32.21223,23.47046,5.31501,4.11121,3.73
58,32.74796,23.88711,5.39966,4.22181,3.73
59,33.29185,24.31463,5.47811,4.32866,3.73
60,33.84323,24.7528,5.54955,4.43478,3.73
61,34.40135,25.20178,5.6127,4.54467,3.73
62,34.96529,25.66208,5.66617,4.66142,3.73
63,35.53403,26.13444,5.70863,4.78575,3.73
64,36.10637,26.61953,5.73813,4.91609,3.73
65,36.68091,27.11782,5.75266,5.04976,3.73
66,37.2562,27.62948,5.75313,5.18337,3.73
67,37.83108,28.15423,5.74464,5.31163,3.73
68,38.405,28.69119,5.73373,5.42748,3.73
69,38.97793,29.23881,5.72489,5.52506,3.73
70,39.55012,29.79517,5.71888,5.60208,3.73
71,40.12173,30.35831,5.71337,5.66064,3.73
72,40.69269,30.92668,5.70579,5.70678,3.73
73,41.26278,31.49938,5.6959,5.74729,3.73
74,41.83185,32.07602,5.68555,5.78547,3.73
75,42.39997,32.65629,5.67678,5.82,3.73
76,42.96732,33.23964,5.67028,5.84692,3.73
77,43.53407,33.82507,5.66482,5.86174,3.73
78,44.10017,34.41126,5.65713,5.86209,3.73
79,44.66513,34.99684,5.64212,5.84955,3.73
80,45.22796,35.58075,5.61449,5.82862,3.73
81,45.7873,36.16241,5.57224,5.80455,3.73
82,46.3419,36.74181,5.5198,5.78338,3.73
83,46.89125,37.31954,5.46722,5.77127,3.73
84,47.43586,37.89665,5.42487,5.77104,3.73
85,47.97703,38.47427,5.39856,5.78117,3.73
86,48.51639,39.05317,5.38868,5.79684,3.73
87,49.05541,39.63352,5.39175,5.81021,3.73
88,49.59511,40.21467,5.40208,5.81275,3.73
89,50.13588,40.79528,5.41342,5.7996,3.73
90,50.67759,41.37384,5.42072,5.77162,3.73
91,51.2197,41.94914,5.42158,5.73421,3.73
92,51.76157,42.52055,5.41582,5.69417,3.73
93,52.30258,43.08811,5.40438,5.65689,3.73
94,52.84226,43.65221,5.38911,5.62508,3.73
95,53.38036,44.2134,5.37283,5.59871,3.73
96,53.91688,44.77209,5.35757,5.57525,3.73
97,54.45186,45.3284,5.34213,5.55084,3.73
98,54.98509,45.88209,5.32239,5.52303,3.73
99,55.516,46.4329,5.29594,5.49323,3.73
100,56.04413,46.98083,5.26659,5.46533,3.73
101,56.56963,47.52618,5.24351,5.44162,3.73
102,57.09359,48.06928,5.23559,5.42043,3.73
103,57.61769,48.61017,5.24635,5.39741,3.73
104,58.14367,49.14849,5.27341,5.36901,3.73
105,58.67291,49.68369,5.3113,5.33493,3.73
106,59.20618,50.21532,5.35409,5.29773,3.73
107,59.7437,50.74327,5.39641,5.26123,3.73
108,60.28522,51.26784,5.43382,5.23006,3.73
109,60.83008,51.78984,5.46353,5.2101,3.73
110,61.37755,52.31069,5.48581,5.20674,3.73
111,61.92701,52.83216,5.50329,5.22279,3.73
112,62.47806,53.35621,5.51775,5.25817,3.73
113,63.03033,53.88463,5.52779,5.31029,3.73
114,63.58323,54.4189,5.53017,5.37502,3.73
115,64.13587,54.96007,5.52254,5.44833,3.73
116,64.68726,55.50886,5.50526,5.52748,3.73
117,65.23661,56.0658,5.48182,5.61127,3.73
118,65.78358,56.63127,5.45752,5.69815,3.73
119,66.32832,57.20536,5.43729,5.78364,3.73
120,66.87139,57.78758,5.42415,5.86078,3.73
121,67.41355,58.37677,5.41893,5.92316,3.73
122,67.9555,58.97126,5.42024,5.96654,3.73
123,68.49774,59.569,5.42455,5.9882,3.73
124,69.04028,60.16779,5.42615,5.98769,3.73
125,69.58248,60.76569,5.41792,5.97038,3.73
126,70.12308,61.36163,5.39392,5.94829,3.73
127,70.66041,61.95577,5.35276,5.93458,3.73
128,71.19301,62.54932,5.29928,5.93633,3.73
129,71.72008,63.1437,5.24215,5.95131,3.73
130,72.24166,63.73978,5.18929,5.97025,3.73
131,72.75836,64.33746,5.14478,5.98333,3.73
132,73.27108,64.93588,5.10966,5.98523,3.73
133,73.78075,65.53387,5.08373,5.97443,3.73
134,74.28822,66.13015,5.06572,5.95114,3.73
135,74.79415,66.72357,5.05289,5.91742,3.73
136,75.29884,67.3133,5.04085,5.87718,3.73
137,75.8021,67.89886,5.02446,5.83401,3.73
138,76.30336,68.48003,5.00065,5.78929,3.73
139,76.80196,69.0566,4.9713,5.74225,3.73
140,77.29766,69.62826,4.94277,5.69077,3.73
141,77.79093,70.19442,4.92255,5.63243,3.73
142,78.28286,70.75439,4.91618,5.56698,3.73
143,78.77501,71.30762,4.92671,5.49776,3.73
144,79.26911,71.85398,4.95539,5.42928,3.73
145,79.76699,72.39359,5.00212,5.36306,3.73
146,80.27036,72.92661,5.06529,5.29726,3.73
147,80.78074,73.45299,5.14237,5.23039,3.73
148,81.29942,73.97267,5.23111,5.1632,3.73
149,81.82746,74.4857,5.32976,5.09732,3.73
150,82.36577,74.9923,5.43646,5.03476,3.73
151,82.91504,75.49294,5.549,4.97798,3.73
152,83.47573,75.98824,5.66482,4.92807,3.73
153,84.04802,76.47885,5.78081,4.88415,3.73
154,84.63173,76.96534,5.8935,4.84559,3.73
155,85.22643,77.44826,6.00047,4.81283,3.73
156,85.83152,77.9282,6.10131,4.7859,3.73
157,86.44643,78.40578,6.197,4.76569,3.73
158,87.07075,78.8819,6.2894,4.7568,3.73
159,87.70428,79.35807,6.3811,4.76663,3.73
160,88.34706,79.83646,6.47462,4.80106,3.73
161,88.99935,80.31954,6.57114,4.86056,3.73
162,89.66141,80.80956,6.67001,4.93987,3.73
163,90.33339,81.30811,6.76963,5.03118,3.73
164,91.01531,81.81607,6.86872,5.12795,3.73
165,91.70708,82.33379,6.96673,5.22647,3.73
166,92.4086,82.86137,7.06362,5.32524,3.73
167,93.11976,83.39884,7.15958,5.42411,3.73
168,93.8405,83.94623,7.25522,5.52378,3.73
169,94.57085,84.50368,7.35182,5.62505,3.73
170,95.31097,85.07134,7.45056,5.72826,3.73
171,96.06108,85.64944,7.5517,5.83366,3.73
172,96.82145,86.23822,7.6557,5.94199,3.73
173,97.59248,86.83799,7.76481,6.05334,3.73
174,98.37483,87.44898,7.88217,6.16644,3.73
175,99.1694,88.0713,8.00935,6.28011,3.73
176,99.97715,88.70503,8.14555,6.39434,3.73
177,100.79885,89.35025,8.28843,6.51024,3.73
178,101.63503,90.00726,8.43532,6.62997,3.73
179,102.48599,90.67659,8.58387,6.75647,3.73
180,103.3518,91.35905,8.73228,6.89276,3.73
181,104.2324,92.05574,8.87971,7.04114,3.73
182,105.12772,92.76793,9.02669,7.20268,3.73
183,106.03779,93.49692,9.1746,7.37703,3.73
184,106.96273,94.24387,9.32433,7.56207,3.73
185,107.90267,95.00966,9.47436,7.75362,3.73
186,108.85739,95.79469,9.6201,7.94692,3.73
187,109.82618,96.59898,9.75573,8.13892,3.73
188,110.80781,97.42232,9.87686,8.32788,3.73
189,111.8007,98.2642,9.9809,8.50973,3.73
190,112.80297,99.12347,10.06456,8.67576,3.73
191,113.81234,99.99801,10.12278,8.81502,3.73
192,114.82608,100.8847,10.15208,8.91869,3.73
193,115.84141,101.77977,10.15454,8.98273,3.73
194,116.85601,102.67937,10.13743,9.00934,3.73
195,117.86836,103.58017,10.10962,9.00664,3.73
196,118.87775,104.47977,10.07801,8.98531,3.73
197,119.88394,105.37678,10.04583,8.95499,3.73
198,120.88692,106.27075,10.0138,8.92433,3.73
199,121.88678,107.16211,9.98351,8.90293,3.73
200,122.88399,108.05228,9.96053,8.9004,3.73
201,123.87971,108.94345,9.95396,8.92292,3.73
202,124.87601,109.83821,9.972,8.97232,3.73
203,125.87547,110.73921,10.01726,9.04767,3.73
204,126.88061,111.64891,10.08542,9.14639,3.73
205,127.89329,112.56947,10.16822,9.26471,3.73
206,128.91459,113.50255,10.25784,9.3969,3.73
207,129.94496,114.44918,10.34949,9.53576,3.73
208,130.98451,115.4097,10.44155,9.67466,3.73
209,132.03325,116.38389,10.53326,9.8091,3.73
210,133.09103,117.37121,10.6223,9.93726,3.73
211,134.15742,118.37105,10.70551,10.05959,3.73
212,135.23181,119.38287,10.78229,10.17677,3.73
213,136.31374,120.40607,10.85621,10.2874,3.73
214,137.40319,121.43984,10.93295,10.3879,3.73
215,138.5007,122.48296,11.01716,10.47459,3.73
216,139.6071,123.53401,11.11081,10.54623,3.73
217,140.72329,124.59154,11.21301,10.60441,3.73
218,141.84996,125.65439,11.32036,10.65261,3.73
219,142.98737,126.7218,11.42791,10.69565,3.73
220,144.13527,127.79358,11.53001,10.73999,3.73
221,145.29282,128.87024,11.62106,10.79307,3.73
222,146.45871,129.95291,11.69676,10.86041,3.73
223,147.63133,131.04308,11.75562,10.94294,3.73
224,148.80912,132.14207,11.80015,11.03698,3.73
225,149.99094,133.25069,11.83627,11.13536,3.73
226,151.1763,134.36894,11.87082,11.22957,3.73
227,152.36531,135.49611,11.90953,11.31385,3.73
228,153.5586,136.6312,11.95615,11.38796,3.73
229,154.75702,137.77335,12.01238,11.45514,3.73
230,155.96151,138.92202,12.07727,11.51826,3.73
231,157.17272,140.07688,12.1471,11.57889,3.73
232,158.39092,141.23775,12.21674,11.63842,3.73
233,159.61581,142.40453,12.28112,11.69731,3.73
234,160.84663,143.57708,12.33535,11.75354,3.73
235,162.08213,144.75493,12.37456,11.8036,3.73
236,163.32061,145.93736,12.39506,11.84489,3.73
237,164.56016,147.12344,12.39606,11.8768,3.73
238,165.79898,148.31231,12.38032,11.90052,3.73
239,167.03569,149.50326,12.35385,11.91847,3.73
240,168.26966,150.69585,12.32551,11.93332,3.73
241,169.50121,151.88988,12.30553,11.94728,3.73
242,170.73159,153.08533,12.30214,11.96184,3.73
243,171.96261,154.28232,12.31816,11.97797,3.73
244,173.19603,155.48106,12.35029,11.99665,3.73
245,174.43311,156.68185,12.39133,12.01918,3.73
246,175.67437,157.8852,12.43381,12.04787,3.73
247,176.91969,159.0919,12.47264,12.08605,3.73
248,178.1686,160.30302,12.50561,12.13652,3.73
249,179.42051,161.51985,12.53246,12.19995,3.73
250,180.6748,162.74355,12.55331,12.27399,3.73
251,181.93082,163.97492,12.56712,12.35357,3.73
252,183.18778,165.21422,12.57215,12.43233,3.73
253,184.44479,166.46104,12.5681,12.50411,3.73
254,185.70103,167.71448,12.55662,12.56477,3.73
255,186.95587,168.97341,12.54017,12.6138,3.73
256,188.20894,170.23678,12.52132,12.6536,3.73
257,189.46015,171.5038,12.50282,12.68674,3.73
258,190.70967,172.77389,12.48755,12.71499,3.73
259,191.95794,174.04661,12.4778,12.73951,3.73
260,193.20551,175.3216,12.4736,12.76035,3.73
261,194.45274,176.59848,12.47116,12.77709,3.73
262,195.6995,177.87688,12.46391,12.79094,3.73
263,196.94502,179.15666,12.44647,12.8047,3.73
264,198.18824,180.43789,12.41796,12.81985,3.73
265,199.42819,181.72058,12.38114,12.83407,3.73
266,200.66417,183.00443,12.33839,12.84289,3.73
267,201.89555,184.2888,12.28922,12.84446,3.73
268,203.12161,185.57307,12.23208,12.84108,3.73
269,204.34162,186.85694,12.16806,12.83624,3.73
270,205.55514,188.14033,12.10227,12.83167,3.73
271,206.76235,189.42325,12.04198,12.8267,3.73
272,207.96414,190.70553,11.99379,12.81881,3.73
273,209.16191,191.98671,11.96161,12.80471,3.73
274,210.35732,193.26604,11.9467,12.782,3.73
275,211.55211,194.54264,11.94911,12.75,3.73
276,212.748,195.81566,11.9685,12.71036,3.73
277,213.94662,197.08451,12.00406,12.66666,3.73
278,215.14955,198.34896,12.05449,12.62239,3.73
279,216.35818,199.60901,12.11805,12.57849,3.73
280,217.5737,200.8646,12.1923,12.53346,3.73
281,218.79699,202.11556,12.27358,12.48568,3.73
282,220.02849,203.36161,12.35636,12.43524,3.73
283,221.26797,204.60259,12.43321,12.38437,3.73
284,222.51448,205.83866,12.49701,12.33713,3.73
285,223.76654,207.07039,12.54429,12.29744,3.73
286,225.02259,208.29859,12.57664,12.26648,3.73
287,226.28136,209.52402,12.5988,12.24216,3.73
288,227.54207,210.74717,12.61541,12.22094,3.73
289,228.80428,211.96823,12.62868,12.20023,3.73
290,230.06761,213.18722,12.63802,12.17953,3.73
291,231.33156,214.40423,12.64104,12.16068,3.73
292,232.59538,215.61962,12.63528,12.14704,3.73
293,233.85815,216.83407,12.62012,12.14198,3.73
294,235.11906,218.04854,12.59813,12.14741,3.73
295,236.37771,219.26405,12.5748,12.16286,3.73
296,237.63425,220.48146,12.55594,12.18524,3.73
297,238.88929,221.70123,12.54492,12.21031,3.73
298,240.14364,222.92349,12.54206,12.23491,3.73
299,241.39799,224.14814,12.54507,12.25804,3.73
300,242.65273,225.37505,12.54962,12.28021,3.73
301,243.90777,226.60419,12.55119,12.30248,3.73
302,245.16272,227.83562,12.54774,12.32613,3.73
303,246.41714,229.06952,12.54078,12.35192,3.73
304,247.6709,230.30607,12.53443,12.37903,3.73
305,248.92431,231.5453,12.53365,12.40557,3.73
306,250.17808,232.7871,12.54191,12.43038,3.73
307,251.43313,234.03133,12.55896,12.45432,3.73
308,252.69014,235.27802,12.58122,12.4794,3.73
309,253.9494,236.52732,12.60407,12.50666,3.73
310,255.21079,237.77942,12.62368,12.53527,3.73
311,256.47389,239.03438,12.63829,12.56391,3.73
312,257.73826,240.29213,12.64905,12.59115,3.73
313,259.00364,241.55243,12.65861,12.61488,3.73
314,260.26998,242.81482,12.66828,12.63296,3.73
315,261.53724,244.07869,12.67682,12.64446,3.73
316,262.80516,245.34345,12.68163,12.65061,3.73
317,264.07329,246.60876,12.68089,12.65562,3.73
318,265.34108,247.87482,12.67495,12.6656,3.73
319,266.60814,249.14235,12.6663,12.68502,3.73
320,267.87439,250.41229,12.65875,12.71388,3.73
321,269.14011,251.68539,12.65561,12.74801,3.73
322,270.40579,252.96187,12.65805,12.78161,3.73
323,271.67196,254.24145,12.66526,12.81003,3.73
324,272.93902,255.52355,12.67603,12.83184,3.73
325,274.20732,256.80755,12.6899,12.8483,3.73
326,275.47715,258.09302,12.70677,12.86109,3.73
327,276.74878,259.37962,12.72575,12.87089,3.73
328,278.0223,260.66707,12.74457,12.87805,3.73
329,279.29754,261.95516,12.76034,12.88382,3.73
330,280.5741,263.24388,12.77091,12.89052,3.73
331,281.85142,264.53344,12.77534,12.90065,3.73
332,283.12887,265.82426,12.77376,12.91572,3.73
333,284.40594,267.11681,12.7676,12.93539,3.73
334,285.68231,268.41143,12.75979,12.95695,3.73
335,286.95796,269.70809,12.75326,12.97616,3.73
336,288.23308,271.00639,12.74909,12.9899,3.73
337,289.50787,272.30578,12.7468,12.99798,3.73
338,290.78252,273.60574,12.7461,13.00124,3.73
339,292.05716,274.90579,12.74673,12.99965,3.73
340,293.33183,276.20546,12.74667,12.99374,3.73
341,294.60625,277.50444,12.74177,12.98603,3.73
342,295.87972,278.80273,12.7277,12.97973,3.73
343,297.15124,280.10058,12.70257,12.97715,3.73
344,298.41977,281.3984,12.66801,12.97924,3.73
345,299.68458,282.69663,12.62827,12.98552,3.73
346,300.9454,283.99564,12.5882,12.99463,3.73
347,302.20243,285.29564,12.55228,13.0054,3.73
348,303.4563,286.59676,12.5251,13.01698,3.73
349,304.70812,287.89901,12.51128,13.02794,3.73
350,305.95938,289.20223,12.51393,13.03643,3.73
351,307.21174,290.5061,12.5334,13.04103,3.73
352,308.46677,291.81019,12.56707,13.04086,3.73
353,309.72561,293.11401,12.60973,13.03543,3.73
354,310.98883,294.41705,12.6547,13.02539,3.73
355,312.25637,295.71896,12.69618,13.01286,3.73
356,313.52778,297.01959,12.73206,12.99967,3.73
357,314.8026,298.31887,12.76434,12.98594,3.73
358,316.08065,299.61674,12.79655,12.97149,3.73
359,317.36199,300.91317,12.8302,12.95717,3.73
360,318.64668,302.2083,12.8637,12.9453,3.73
361,319.9346,303.50251,12.8947,12.93894,3.73
362,321.2255,304.79643,12.92319,12.93954,3.73
363,322.51923,306.09071,12.95146,12.94599,3.73
364,323.81588,307.38585,12.98166,12.95674,3.73
365,325.11565,308.68225,13.01374,12.97142,3.73
366,326.41863,309.98032,13.04579,12.98993,3.73
367,327.72472,311.28036,13.07596,13.01079,3.73
368,329.03369,312.58248,13.10339,13.03166,3.73
369,330.34522,313.88663,13.1274,13.05138,3.73
370,331.65891,315.19272,13.14629,13.0704,3.73
371,332.97409,316.50071,13.1574,13.08942,3.73
372,334.2899,317.8106,13.15865,13.10824,3.73
373,335.60534,319.12228,13.1502,13.12551,3.73
374,336.91959,320.43552,13.13487,13.13919,3.73
375,338.23219,321.74984,13.11713,13.14731,3.73
376,339.5431,323.06461,13.10104,13.14806,3.73
377,340.85258,324.379,13.0885,13.13976,3.73
378,342.161,325.69212,13.07995,13.12255,3.73
379,343.46881,327.0032,13.07628,13.09903,3.73
380,344.77656,328.31177,13.07867,13.07255,3.73
381,346.08482,329.61769,13.08669,13.04575,3.73
382,347.39407,330.92098,13.09815,13.02011,3.73
383,348.70451,332.22183,13.11064,12.99689,3.73
384,350.01617,333.52058,13.12267,12.97807,3.73
385,351.32899,334.81778,13.13369,12.96587,3.73
386,352.64285,336.11415,13.14359,12.96158,3.73
387,353.95766,337.41049,13.15248,12.96519,3.73
388,355.27331,338.70752,13.16057,12.97551,3.73
389,356.58977,340.00586,13.16869,12.9911,3.73
390,357.90714,341.30595,13.17873,13.01082,3.73
391,359.22574,342.60812,13.19319,13.03262,3.73
392,360.5461,343.91241,13.21407,13.05309,3.73
393,361.86893,345.2185,13.24251,13.0688,3.73
394,363.19499,346.52585,13.27876,13.07809,3.73
395,364.52507,347.83385,13.32269,13.08188,3.73
396,365.85991,349.14206,13.37415,13.08248,3.73
397,367.20022,350.45028,13.43199,13.08177,3.73
398,368.54646,351.75841,13.49295,13.08094,3.73
399,369.89872,353.0665,13.55222,13.0809,3.73
400,371.25657,354.37467,13.60485,13.08243,3.73
401,372.61921,355.68308,13.64795,13.0857,3.73
402,373.98571,356.99183,13.68201,13.08944,3.73
403,375.35529,358.30088,13.70963,13.09148,3.73
404,376.72745,359.60997,13.73351,13.09027,3.73
405,378.10192,360.91877,13.75579,13.08585,3.73
406,379.47861,362.22707,13.77817,13.08,3.73
407,380.85764,363.53487,13.80235,13.07604,3.73
408,382.23925,364.84253,13.82979,13.07724,3.73
409,383.62378,366.15063,13.86095,13.08461,3.73
410,385.01158,367.4597,13.89507,13.09684,3.73
411,386.40287,368.77014,13.93066,13.11195,3.73
412,387.79773,370.08216,13.96645,13.12848,3.73
413,389.19617,371.39589,14.00245,13.14607,3.73
414,390.59828,372.71146,14.03976,13.16547,3.73
415,392.00423,374.02912,14.07926,13.18758,3.73
416,393.41424,375.34908,14.12083,13.21176,3.73
417,394.82844,376.67145,14.1633,13.23561,3.73
418,396.24684,377.9961,14.2047,13.25732,3.73
419,397.66921,379.32283,14.2426,13.27742,3.73
420,399.09508,380.65161,14.2748,13.29803,3.73
421,400.52384,381.98262,14.30055,13.32224,3.73
422,401.95494,383.31642,14.32138,13.35369,3.73
423,403.388,384.65386,14.33985,13.39523,3.73
424,404.82286,385.99608,14.35733,13.44916,3.73
425,406.25944,387.34442,14.37424,13.51754,3.73
426,407.69773,388.70024,14.39155,13.59892,3.73
427,409.13783,390.06445,14.4104,13.68532,3.73
428,410.57986,391.43694,14.43022,13.76452,3.73
429,412.02377,392.81645,14.4481,13.82561,3.73
430,413.4692,394.2009,14.46041,13.86339,3.73
431,414.91548,395.588,14.46527,13.87868,3.73
432,416.36194,396.9757,14.46383,13.87529,3.73
433,417.80807,398.3623,14.45883,13.85676,3.73
434,419.2536,399.74647,14.45183,13.82663,3.73
435,420.69831,401.12737,14.44237,13.79128,3.73
436,422.14188,402.5049,14.42886,13.75942,3.73
437,423.58378,403.87977,14.4093,13.73791,3.73
438,425.02332,405.25314,14.38144,13.72937,3.73
439,426.45955,406.62628,14.34307,13.73359,3.73
440,427.89131,408.00043,14.29226,13.74941,3.73
441,429.31733,409.37667,14.22817,13.77536,3.73
442,430.73639,410.75588,14.15295,13.80885,3.73
443,432.14768,412.13859,14.07273,13.84523,3.73
444,433.5511,413.52477,13.99581,13.87852,3.73
445,434.94732,414.91383,13.92845,13.9026,3.73
446,436.33731,416.3046,13.87144,13.91276,3.73
447,437.72191,417.69563,13.82057,13.90785,3.73
448,439.10147,419.08553,13.7707,13.89008,3.73
449,440.47597,420.47318,13.71919,13.86295,3.73
450,441.84524,421.85782,13.66628,13.83,3.73
451,443.20922,423.23902,13.6132,13.79385,3.73
452,444.56789,424.61653,13.56027,13.75636,3.73
453,445.92123,425.9903,13.50647,13.71914,3.73
454,447.2691,427.3604,13.45098,13.68283,3.73
455,448.61137,428.72689,13.39442,13.64699,3.73
456,449.948,430.08991,13.33814,13.61327,3.73
457,451.27903,431.44995,13.2826,13.58754,3.73
458,452.60449,432.8082,13.22648,13.57749,3.73
459,453.92419,434.16649,13.16765,13.58826,3.73
460,455.23784,435.52689,13.1052,13.61976,3.73
461,456.5451,436.89119,13.04003,13.66628,3.73
462,457.84577,438.26048,12.97345,13.71947,3.73
463,459.13975,439.63509,12.90613,13.77277,3.73
464,460.427,441.01481,12.83891,13.82161,3.73
465,461.70761,442.39889,12.77323,13.86013,3.73
466,462.98179,443.786,12.71029,13.88199,3.73
467,464.24983,445.17433,12.65063,13.88458,3.73
468,465.51209,446.56208,12.59449,13.87033,3.73
469,466.76893,447.94784,12.54234,13.84504,3.73
470,468.02081,449.33083,12.4952,13.81464,3.73
471,469.26831,450.71065,12.45491,13.78175,3.73
472,470.51228,452.08703,12.42442,13.74584,3.73
473,471.75386,453.45964,12.40715,13.70647,3.73
474,472.99447,454.82822,12.40512,13.66517,3.73
475,474.23559,456.19274,12.4172,13.62513,3.73
476,475.47838,457.55344,12.43873,13.5889,3.73
477,476.72344,458.91068,12.4625,13.55597,3.73
478,477.9706,460.26465,12.48063,13.52334,3.73
479,479.21896,461.61519,12.48647,13.48753,3.73
480,480.46707,462.96186,12.47587,13.4458,3.73
481,481.71325,464.30398,12.4477,13.39653,3.73
482,482.95581,465.64075,12.4035,13.33891,3.73
483,484.19332,466.97132,12.34677,13.27247,3.73
484,485.42477,468.2948,12.28223,13.19724,3.73
485,486.64961,469.61041,12.21451,13.11486,3.73
486,487.86767,470.91758,12.14673,13.02866,3.73
487,489.07903,472.21609,12.0805,12.94149,3.73
488,490.28392,473.50585,12.01716,12.85361,3.73
489,491.4827,474.7867,11.95856,12.76337,3.73
490,492.67596,476.05835,11.90657,12.66976,3.73
491,493.86441,477.32051,11.86249,12.57328,3.73
492,495.04891,478.57288,11.82738,12.4743,3.73
493,496.2304,479.81521,11.8025,12.37224,3.73
494,497.40997,481.04719,11.78885,12.26742,3.73
495,498.58874,482.26869,11.78669,12.16247,3.73
496,499.76787,483.47988,11.79579,12.06126,3.73
497,500.94841,484.68129,11.81516,11.96703,3.73
498,502.13132,485.87373,11.84288,11.88186,3.73
499,503.31733,487.05816,11.8773,11.80664,3.73
500,504.50707,488.23549,11.91765,11.73997,3.73
501,505.70107,489.40644,11.96234,11.67897,3.73
502,506.89959,490.57154,12.00794,11.62302,3.73
503,508.10252,491.73143,12.05068,11.57495,3.73
504,509.30943,492.88711,12.08761,11.53848,3.73
505,510.51965,494.03984,12.11675,11.51612,3.73
506,511.7324,495.19104,12.1383,11.5079,3.73
507,512.94708,496.3419,12.1552,11.50929,3.73
508,514.1634,497.49294,12.17134,11.51153,3.73
509,515.38148,498.64384,12.19012,11.50656,3.73
510,516.60169,499.79377,12.21418,11.492,3.73
511,517.8247,500.94199,12.246,11.47235,3.73
512,519.05142,502.08846,12.28836,11.4572,3.73
513,520.28307,503.23423,12.34468,11.45801,3.73
514,521.52124,504.38127,12.41879,11.48297,3.73
515,522.76783,505.532,12.51294,11.53163,3.73
516,524.02469,506.6883,12.6242,11.59418,3.73
517,525.29309,507.85079,12.74385,11.65573,3.73
518,526.57329,509.01869,12.86004,11.70233,3.73
519,527.86429,510.19014,12.96008,11.72663,3.73
520,529.16386,511.36305,13.03135,11.73153,3.73
521,530.4686,512.53608,13.0633,11.72909,3.73
522,531.77427,513.70931,13.05011,11.73546,3.73
523,533.07645,514.88438,12.99359,11.766,3.73
524,534.37142,516.06418,12.90572,11.83002,3.73
525,535.65699,517.25197,12.80574,11.92572,3.73
526,536.93281,518.45029,12.71068,12.04061,3.73
527,538.19966,519.66024,12.62637,12.15845,3.73
528,539.45829,520.88152,12.54619,12.26725,3.73
529,540.70853,522.11302,12.45847,12.36274,3.73
530,541.94925,523.35347,12.35594,12.44626,3.73
531,543.1791,524.60185,12.24116,12.52122,3.73
532,544.39746,525.85745,12.12611,12.59083,3.73
533,545.60515,527.11982,12.02758,12.65661,3.73
534,546.80458,528.38855,11.96099,12.71807,3.73
535,547.99939,529.66311,11.93523,12.77307,3.73
536,549.19365,530.94266,11.95005,12.81796,3.73
537,550.39097,532.22594,11.99628,12.8477,3.73
538,551.5937,533.51118,12.05837,12.85694,3.73
539,552.80256,534.79613,12.11875,12.84215,3.73
540,554.01663,536.07845,12.16261,12.8043,3.73
541,555.23381,537.35616,12.18098,12.74989,3.73
542,556.4514,538.62801,12.17083,12.68701,3.73
543,557.66661,539.89332,12.13334,12.61921,3.73
544,558.87688,541.15151,12.07206,12.54457,3.73
545,560.08013,542.40177,11.99308,12.4607,3.73
546,561.27505,543.64329,11.90533,12.3696,3.73
547,562.46127,544.87569,11.81911,12.27853,3.73
548,563.63941,546.09949,11.74364,12.1974,3.73
549,564.8108,547.31612,11.68412,12.13531,3.73
550,565.977,548.52784,11.63997,12.09901,3.73
551,567.13931,549.73739,11.60616,12.09197,3.73
552,568.2984,550.94762,11.57565,12.11256,3.73
553,569.45427,552.16093,11.54168,12.15374,3.73
554,570.60633,553.37885,11.49967,12.20461,3.73
555,571.75364,554.60165,11.44651,12.2515,3.73
556,572.89494,555.82824,11.37947,12.28015,3.73
557,574.02877,557.05615,11.29709,12.27817,3.73
558,575.15363,558.28191,11.20013,12.23703,3.73
559,576.26821,559.50151,11.09147,12.15487,3.73
560,577.37159,560.71116,10.97607,12.0382,3.73
561,578.4634,561.90804,10.86016,11.89941,3.73
562,579.54384,563.0906,10.74866,11.75182,3.73
563,580.61338,564.25853,10.64216,11.60668,3.73
564,581.67227,565.41249,10.53561,11.47261,3.73
565,582.72006,566.5539,10.42012,11.35549,3.73
566,583.75545,567.68458,10.28764,11.25826,3.73
567,584.77657,568.80652,10.1348,11.1804,3.73
568,585.78143,569.92141,9.96245,11.11752,3.73
569,586.7682,571.03043,9.77291,11.06276,3.73
570,587.73531,572.13405,9.5693,11.00966,3.73
571,588.68162,573.23226,9.35685,10.95468,3.73
572,589.60665,574.32489,9.14379,10.89776,3.73
573,590.51088,575.41172,8.94079,10.83885,3.73
574,591.39586,576.49224,8.75885,10.77166,3.73
575,592.26411,577.56494,8.60617,10.68223,3.73
576,593.11869,578.62684,8.48543,10.55574,3.73
577,593.9626,579.67387,8.39285,10.38493,3.73
578,594.7982,580.70177,8.31897,10.17314,3.73
579,595.62672,581.70707,8.25144,9.93282,3.73
580,596.44829,582.68783,8.18009,9.68229,3.73
581,597.26233,583.64399,8.10067,9.44089,3.73
582,598.06809,584.57723,8.01447,9.22408,3.73
583,598.86511,585.49048,7.92593,9.04084,3.73
584,599.65345,586.3872,7.84095,8.89347,3.73
585,600.43374,587.27079,7.76483,8.77838,3.73
586,601.20696,588.14407,7.69954,8.68717,3.73
587,601.97404,589.00888,7.64207,8.60917,3.73
588,602.73544,589.8661,7.586,8.5352,3.73
589,603.49102,590.71585,7.52548,8.45987,3.73
590,604.24017,591.55792,7.45757,8.38144,3.73
591,604.98216,592.39206,7.3822,8.30125,3.73
592,605.71641,593.21827,7.30285,8.22299,3.73
593,606.44298,594.03695,7.22866,8.15063,3.73
594,607.16315,594.84877,7.17461,8.08577,3.73
595,607.8797,595.65439,7.15637,8.02658,3.73
596,608.59662,596.45418,7.18216,7.96927,3.73
597,609.31813,597.24813,7.24793,7.90979,3.73
598,610.04738,598.03589,7.33709,7.8453,3.73
599,610.78542,598.81692,7.42381,7.77532,3.73
600,611.53059,599.5908,7.47941,7.70233,3.73
601,612.27861,600.35746,7.481,7.63087,3.73
602,613.02361,601.11727,7.41901,7.56534,3.73
603,613.75956,601.87091,7.30013,7.50753,3.73
604,614.48181,602.61903,7.14475,7.45471,3.73
605,615.18803,603.3618,6.97965,7.4007,3.73
606,615.8785,604.09881,6.82978,7.33953,3.73
607,616.55562,604.82925,6.71273,7.26929,3.73
608,617.22308,605.55241,6.63633,7.19386,3.73
609,617.88484,606.2682,6.599,7.12204,3.73
610,618.54444,606.97754,6.59285,7.06469,3.73
611,619.20451,607.68226,6.60868,7.0297,3.73
612,619.86694,608.38458,6.63993,7.01676,3.73
613,620.53313,609.08622,6.6837,7.01603,3.73
614,621.20424,609.78762,6.73865,7.01191,3.73
615,621.88128,610.48766,6.80208,6.98896,3.73
616,622.5648,611.18397,6.86841,6.93719,3.73
617,623.25469,611.8736,6.92923,6.85541,3.73
618,623.94987,612.55394,6.97455,6.75138,3.73
619,624.64839,613.22338,6.99581,6.63738,3.73
620,625.34769,613.88143,6.99019,6.52362,3.73
621,626.04532,614.52834,6.96239,6.4147,3.73
622,626.73951,615.16466,6.92149,6.31167,3.73
623,627.42934,615.79104,6.87496,6.21593,3.73
624,628.11433,616.40841,6.82484,6.13154,3.73
625,628.79403,617.01824,6.76916,6.06492,3.73
626,629.4678,617.62261,6.70629,6.02254,3.73
627,630.13503,618.22414,6.63829,6.00814,3.73
628,630.79548,618.82557,6.57069,6.02047,3.73
629,631.44948,619.42928,6.50942,6.05367,3.73
630,632.09788,620.03698,6.45851,6.10024,3.73
631,632.74179,620.64967,6.41973,6.15358,3.73
632,633.38241,621.26779,6.39266,6.20886,3.73
633,634.02078,621.89143,6.37462,6.26392,3.73
634,634.65759,622.5206,6.36168,6.31943,3.73
635,635.29318,623.1554,6.35006,6.37665,3.73
636,635.9275,623.79595,6.33643,6.43435,3.73
637,636.56024,624.44209,6.31835,6.48845,3.73
638,637.19097,625.09321,6.29619,6.53389,3.73
639,637.81944,625.74822,6.27328,6.56638,3.73
640,638.44576,626.40573,6.25315,6.58373,3.73
641,639.07031,627.06427,6.23787,6.58718,3.73
642,639.69361,627.72265,6.22812,6.58039,3.73
643,640.31607,628.38005,6.22109,6.56756,3.73
644,640.93757,629.03607,6.20889,6.55294,3.73
645,641.55712,629.69071,6.18207,6.53987,3.73
646,642.17304,630.34417,6.13637,6.52927,3.73
647,642.78366,630.99658,6.07601,6.51895,3.73
648,643.388,631.64771,6.01083,6.50364,3.73
649,643.98606,632.29677,5.95024,6.47754,3.73
650,644.57852,632.94259,5.89904,6.43882,3.73
651,645.16631,633.58405,5.85671,6.39053,3.73
652,645.75016,634.22048,5.82022,6.33797,3.73
653,646.33065,634.85169,5.78962,6.28621,3.73
654,646.90874,635.47793,5.77213,6.2386,3.73
655,647.48632,636.09966,5.77951,6.19608,3.73
656,648.06628,636.71735,5.81965,6.15764,3.73
657,648.65181,637.33134,5.89098,6.12208,3.73
658,649.24552,637.9419,5.98335,6.08918,3.73
659,649.84876,638.54929,6.08129,6.05874,3.73
660,650.46122,639.15373,6.16795,6.0299,3.73
661,651.08115,639.7553,6.23078,6.00157,3.73
662,651.70597,640.35404,6.2655,5.97314,3.73
663,652.33302,640.94994,6.27562,5.94502,3.73
664,652.96028,641.5431,6.26956,5.91808,3.73
665,653.58661,642.13362,6.2569,5.89236,3.73
666,654.21166,642.7216,6.24412,5.86728,3.73
667,654.83539,643.30712,6.23052,5.84309,3.73
668,655.45726,643.89035,6.2069,5.82146,3.73
669,656.07551,644.47163,6.15801,5.80427,3.73
670,656.6868,645.05142,6.06793,5.79145,3.73
671,657.28647,645.63002,5.92544,5.78048,3.73
672,657.86905,646.20741,5.72618,5.76741,3.73
673,658.42898,646.78318,5.47241,5.74792,3.73
674,658.96124,647.35644,5.17278,5.71743,3.73
675,659.46195,647.92589,4.84135,5.67141,3.73
676,659.92879,648.48981,4.49543,5.60708,3.73
677,660.3612,649.04641,4.15281,5.52487,3.73
678,660.76026,649.59401,3.82847,5.42713,3.73
679,661.12828,650.1312,3.53194,5.31661,3.73
680,661.46824,650.65689,3.26717,5.19729,3.73
681,661.78328,651.1705,3.03361,5.0749,3.73
682,662.07626,651.67199,2.82598,4.9548,3.73
683,662.3492,652.16158,2.63296,4.83719,3.73
684,662.60284,652.63903,2.43984,4.71163,3.73
685,662.83668,653.10251,2.23695,4.55814,3.73
686,663.04977,653.54841,2.02482,4.35982,3.73
687,663.24163,653.97222,1.81249,4.11638,3.73
688,663.41296,654.37028,1.61394,3.84483,3.73
689,663.56583,654.74105,1.44347,3.57042,3.73
690,663.70355,655.08542,1.31108,3.31714,3.73
691,663.83013,655.40636,1.22052,3.10153,3.73
692,663.94959,655.70796,1.16859,2.93057,3.73
693,664.06528,655.99464,1.14523,2.80287,3.73
694,664.17937,656.27029,1.13648,2.71016,3.73
695,664.29263,656.53768,1.12881,2.63775,3.73
696,664.40468,656.79794,1.11215,2.56734,3.73
697,664.51442,657.05046,1.08272,2.48316,3.73
698,664.62084,657.29349,1.0456,2.37729,3.73
699,664.72379,657.5249,1.01345,2.25107,3.73
700,664.8246,657.74313,1.00271,2.11338,3.73
701,664.92625,657.94765,1.03029,1.97705,3.73
702,665.03319,658.13927,1.10844,1.85534,3.73
703,665.15057,658.31999,1.23916,1.75907,3.73
704,665.28321,658.49262,1.41365,1.69359,3.73
705,665.43473,658.66017,1.61691,1.6574,3.73
706,665.60718,658.82523,1.83198,1.64384,3.73
707,665.80085,658.98965,2.04152,1.64463,3.73
708,666.01433,659.15452,2.22796,1.65277,3.73
709,666.24447,659.32033,2.37498,1.66342,3.73
710,666.48675,659.48716,2.47064,1.67307,3.73
711,666.73576,659.65476,2.50956,1.67886,3.73
712,666.98589,659.82266,2.49287,1.67916,3.73
713,667.23191,659.99038,2.42771,1.67524,3.73
714,667.46962,660.15771,2.32651,1.67147,3.73
715,667.69621,660.32493,2.2051,1.67293,3.73
716,667.91049,660.49269,2.08058,1.68217,3.73
717,668.11297,660.6617,1.96905,1.69806,3.73
718,668.30554,660.83249,1.88238,1.7177,3.73
719,668.49096,661.0053,1.82594,1.73852,3.73
720,668.67221,661.18013,1.79908,1.75804,3.73
721,668.85201,661.35669,1.79699,1.77333,3.73
722,669.03249,661.53446,1.81262,1.78191,3.73
723,669.21507,661.71269,1.839,1.78283,3.73
724,669.40056,661.89075,1.87077,1.77823,3.73
725,669.58934,662.06834,1.90469,1.77365,3.73
726,669.78152,662.2458,1.9391,1.77558,3.73
727,669.97715,662.424,1.97335,1.7883,3.73
728,670.17619,662.60408,2.00756,1.81338,3.73
729,670.37867,662.78728,2.04204,1.85054,3.73
730,670.58461,662.9747,2.07675,1.89798,3.73
731,670.79402,663.16726,2.11138,1.95315,3.73
732,671.00686,663.36568,2.14543,2.01538,3.73
733,671.22304,663.57082,2.17816,2.08743,3.73
734,671.44239,663.78381,2.20899,2.17221,3.73
735,671.66473,664.00579,2.23776,2.26746,3.73
736,671.88984,664.23742,2.26448,2.36521,3.73
737,672.11754,664.47847,2.28939,2.45566,3.73
738,672.34765,664.72781,2.31288,2.53116,3.73
739,672.58006,664.9838,2.33525,2.58875,3.73
740,672.81464,665.24475,2.35649,2.63015,3.73
741,673.05129,665.50921,2.37639,2.659,3.73
742,673.28988,665.77609,2.39546,2.67874,3.73
743,673.5304,666.04464,2.41491,2.69217,3.73
744,673.77295,666.3143,2.43608,2.70113,3.73
745,674.01777,666.58467,2.46026,2.70621,3.73
746,674.26521,666.85534,2.48855,2.7071,3.73
747,674.51567,667.12588,2.52078,2.70386,3.73
748,674.76941,667.39599,2.55406,2.69831,3.73
749,675.0262,667.66563,2.58164,2.69444,3.73
750,675.28499,667.93524,2.59416,2.69785,3.73
751,675.54387,668.20582,2.5835,2.71371,3.73
752,675.80035,668.47868,2.546,2.74354,3.73
753,676.05176,668.75505,2.48235,2.78371,3.73
754,676.29571,669.03557,2.39657,2.82682,3.73
755,676.53035,669.32009,2.29628,2.86352,3.73
756,676.75477,669.60747,2.19215,2.88409,3.73
757,676.96912,669.8957,2.09476,2.88059,3.73
758,677.17443,670.18219,2.01151,2.84905,3.73
759,677.37228,670.46413,1.94544,2.78989,3.73
760,677.56433,670.73898,1.8955,2.70707,3.73
761,677.752,671.00466,1.85806,2.60654,3.73
762,677.93632,671.25967,1.82834,2.49356,3.73
763,678.11782,671.50286,1.80166,2.37032,3.73
764,678.2966,671.73314,1.77378,2.23524,3.73
765,678.47234,671.94915,1.74114,2.0851,3.73
766,678.6445,672.14939,1.70204,1.9197,3.73
767,678.81247,672.33262,1.65734,1.74471,3.73
768,678.97585,672.49838,1.61019,1.57049,3.73
769,679.13461,672.64731,1.56513,1.40815,3.73
770,679.28919,672.78099,1.52635,1.26543,3.73
771,679.44028,672.90156,1.49544,1.14599,3.73
772,679.58862,673.01144,1.4714,1.05162,3.73
773,679.73485,673.11311,1.45329,0.98191,3.73
774,679.87957,673.20881,1.44104,0.93204,3.73
775,680.02328,673.30018,1.43322,0.8953,3.73
776,680.16628,673.38831,1.42673,0.86744,3.73
777,680.30855,673.47396,1.4186,0.8455,3.73
778,680.44981,673.55753,1.40662,0.8259,3.73
779,680.58962,673.63914,1.38964,0.80626,3.73
780,680.72754,673.71878,1.36879,0.78647,3.73
781,680.86336,673.7965,1.34767,0.76806,3.73
782,680.99726,673.87262,1.33021,0.75431,3.73
783,681.1297,673.94786,1.31868,0.75036,3.73
784,681.26133,674.0235,1.31382,0.76254,3.73
785,681.3928,674.10149,1.31557,0.79725,3.73
786,681.52472,674.18435,1.32293,0.85985,3.73
787,681.65756,674.27499,1.33386,0.95306,3.73
788,681.79158,674.37641,1.3465,1.0753,3.73
789,681.92695,674.49118,1.361,1.22014,3.73
790,682.06406,674.62108,1.38116,1.37776,3.73
791,682.20386,674.76678,1.41479,1.53629,3.73
792,682.34816,674.92774,1.47111,1.68286,3.73
793,682.49953,675.10219,1.55646,1.80615,3.73
794,682.66093,675.28745,1.6714,1.89908,3.73
795,682.83505,675.48037,1.8111,1.95931,3.73
796,683.02402,675.67776,1.96824,1.98856,3.73
797,683.22922,675.87677,2.13571,1.99164,3.73
798,683.4514,676.07509,2.30806,1.97484,3.73
799,683.6909,676.27103,2.48181,1.94393,3.73
800,683.94772,676.46339,2.65468,1.90312,3.73
801,684.22169,676.65132,2.82463,1.85566,3.73
802,684.51238,676.83433,2.98917,1.80444,3.73
803,684.81907,677.01213,3.14476,1.75158,3.73
804,685.14068,677.18466,3.28743,1.69906,3.73
805,685.47582,677.35211,3.41531,1.64996,3.73
806,685.8231,677.515,3.53035,1.60784,3.73
807,686.1815,677.67416,3.63749,1.57521,3.73
808,686.55049,677.8306,3.74238,1.55375,3.73
809,686.93009,677.98559,3.84957,1.546,3.73
810,687.32066,678.1407,3.96196,1.55624,3.73
811,687.72278,678.29804,4.08045,1.59044,3.73
812,688.137,678.46033,4.2038,1.6555,3.73
813,688.56364,678.63098,4.32906,1.75734,3.73
814,689.00269,678.81377,4.45199,1.89854,3.73
815,689.45364,679.01258,4.56698,2.07756,3.73
816,689.91535,679.23095,4.66724,2.28991,3.73
817,690.38602,679.4719,4.74619,2.52903,3.73
818,690.86331,679.73768,4.79952,2.78658,3.73
819,691.34462,680.02968,4.8268,3.05347,3.73
820,691.82756,680.34844,4.8319,3.32169,3.73
821,692.31025,680.69378,4.822,3.58513,3.73
822,692.79162,681.06501,4.80528,3.83951,3.73
823,693.27131,681.46109,4.78864,4.08206,3.73
824,693.74957,681.88076,4.77647,4.31139,3.73
825,694.22689,682.32274,4.76996,4.52823,3.73
826,694.70376,682.78594,4.76748,4.73578,3.73
827,695.18044,683.26964,4.76595,4.93817,3.73
828,695.65685,683.77344,4.76237,5.13781,3.73
829,696.13275,684.297,4.7556,5.3334,3.73
830,696.60789,684.83964,4.74728,5.51937,3.73
831,697.08227,685.39996,4.74021,5.68707,3.73
832,697.5561,685.97565,4.73647,5.8266,3.73
833,698.02974,686.56338,4.73638,5.92808,3.73
834,698.50347,687.15897,4.73807,5.98364,3.73
835,698.97731,687.75766,4.73884,5.99033,3.73
836,699.45111,688.35475,4.73705,5.95145,3.73
837,699.92459,688.94609,4.73254,5.87536,3.73
838,700.39748,689.52851,4.72534,5.77287,3.73
839,700.86946,690.09995,4.71424,5.65597,3.73
840,701.33999,690.65961,4.6964,5.53732,3.73
841,701.80822,691.20794,4.66818,5.42921,3.73
842,702.27302,691.7465,4.62777,5.34198,3.73
843,702.73331,692.27765,4.57814,5.28112,3.73
844,703.18854,692.80391,4.52639,5.2441,3.73
845,703.63881,693.32721,4.47906,5.22187,3.73
846,704.08463,693.8485,4.4373,5.20385,3.73
847,704.52631,694.3678,4.39632,5.18208,3.73
848,704.96363,694.88454,4.35015,5.15285,3.73
849,705.39604,695.39798,4.29799,5.11596,3.73
850,705.8232,695.9074,4.24528,5.07237,3.73
851,706.24541,696.4122,4.19879,5.02366,3.73
852,706.66345,696.91197,4.16198,4.97178,3.73
853,707.07826,697.4064,4.13419,4.9168,3.73
854,707.49059,697.89506,4.11243,4.8564,3.73
855,707.9009,698.37729,4.09375,4.78823,3.73
856,708.30942,698.85229,4.07665,4.71175,3.73
857,708.71625,699.31931,4.0601,4.6286,3.73
858,709.12138,699.77787,4.04241,4.54252,3.73
859,709.52463,700.22793,4.02257,4.45864,3.73
860,709.92585,700.66993,4.00188,4.38151,3.73
861,710.32506,701.10469,3.98241,4.31362,3.73
862,710.72246,701.53316,3.96546,4.25591,3.73
863,711.11837,701.95638,3.95284,4.2083,3.73
864,711.51333,702.37525,3.94634,4.16912,3.73
865,711.90787,702.7905,3.94452,4.13598,3.73
866,712.30226,703.20271,3.94311,4.10816,3.73
867,712.69641,703.61246,3.9399,4.08679,3.73
868,713.09029,704.02044,3.93769,4.07298,3.73
869,713.48432,704.42742,3.94299,4.0665,3.73
870,713.87962,704.83403,3.96295,4.06573,3.73
871,714.27788,705.24073,4.00226,4.06823,3.73
872,714.68106,705.64771,4.06138,4.07144,3.73
873,715.09096,706.05496,4.13668,4.0735,3.73
874,715.5089,706.46233,4.2221,4.07398,3.73
875,715.93558,706.86972,4.31145,4.07384,3.73
876,716.37117,707.27716,4.40026,4.07491,3.73
877,716.81551,707.68486,4.48665,4.07908,3.73
878,717.26841,708.0932,4.57134,4.08779,3.73
879,717.72983,708.50268,4.65706,4.10176,3.73
880,718.20004,708.9138,4.74707,4.12064,3.73
881,718.67954,709.327,4.84303,4.14336,3.73
882,719.16885,709.74262,4.94322,4.16897,3.73
883,719.66812,710.16093,5.0421,4.19723,3.73
884,720.17682,710.58223,5.13199,4.22876,3.73
885,720.69378,711.0069,5.20713,4.26477,3.73
886,721.21751,711.43544,5.26739,4.30605,3.73
887,721.7468,711.86836,5.31843,4.35227,3.73
888,722.28117,712.30611,5.36901,4.40266,3.73
889,722.82101,712.74908,5.42775,4.45672,3.73
890,723.36743,713.19762,5.50062,4.51411,3.73
891,723.92195,713.65203,5.58986,4.57406,3.73
892,724.48615,714.11249,5.69409,4.63529,3.73
893,725.06129,714.57903,5.80881,4.69536,3.73
894,725.6481,715.05128,5.92722,4.74975,3.73
895,726.24653,715.52843,6.0415,4.79321,3.73
896,726.85582,716.00926,6.14424,4.82343,3.73
897,727.47448,716.49266,6.22893,4.84455,3.73
898,728.10043,716.97845,6.29019,4.87121,3.73
899,728.73118,717.46841,6.32467,4.92809,3.73
900,729.36404,717.9667,6.33257,5.03759,3.73
901,729.99662,718.47873,6.31904,5.20301,3.73
902,730.62724,719.00898,6.2934,5.40203,3.73
903,731.25518,719.55888,6.26537,5.5959,3.73
904,731.88054,720.12606,6.24178,5.74772,3.73
905,732.50388,720.70531,6.22515,5.8373,3.73
906,733.12585,721.29046,6.21424,5.86579,3.73
907,733.7469,721.87631,6.20665,5.85126,3.73
908,734.3673,722.45986,6.20135,5.81972,3.73
909,734.98735,723.04065,6.19966,5.79594,3.73
910,735.60757,723.62032,6.2048,5.79758,3.73
911,736.2288,724.20185,6.21968,5.83292,3.73
912,736.85201,724.78858,6.24453,5.90171,3.73
913,737.47804,725.38353,6.27621,5.99738,3.73
914,738.10729,725.98886,6.30877,6.10911,3.73
915,738.7395,726.60555,6.33537,6.2247,3.73
916,739.37382,727.23353,6.35115,6.33487,3.73
917,740.00914,727.87205,6.35514,6.43552,3.73
918,740.64438,728.52013,6.34969,6.52621,3.73
919,741.27881,729.17681,6.33896,6.60738,3.73
920,741.91213,729.8411,6.32734,6.67845,3.73
921,742.54437,730.51191,6.31755,6.7377,3.73
922,743.17574,731.188,6.30977,6.78409,3.73
923,743.80637,731.86815,6.30289,6.81884,3.73
924,744.43634,732.55133,6.2964,6.84486,3.73
925,745.06572,733.23682,6.2913,6.86496,3.73
926,745.69474,733.92406,6.28907,6.8798,3.73
927,746.3237,734.61242,6.2902,6.88732,3.73
928,746.95289,735.30101,6.29354,6.88446,3.73
929,747.58238,735.9887,6.29636,6.86948,3.73
930,748.21197,736.67433,6.29528,6.84316,3.73
931,748.84114,737.35688,6.28827,6.8078,3.73
932,749.46934,738.03553,6.27575,6.76523,3.73
933,750.09614,738.70963,6.26023,6.71663,3.73
934,750.72143,739.37868,6.24542,6.66438,3.73
935,751.34546,740.0425,6.23523,6.61213,3.73
936,751.96885,740.70126,6.2326,6.56304,3.73
937,752.59243,741.35536,6.23896,6.51901,3.73
938,753.21709,742.00538,6.2543,6.48134,3.73
939,753.84369,742.652,6.27769,6.45104,3.73
940,754.47296,743.29601,6.30769,6.42908,3.73
941,755.10546,743.93829,6.34241,6.41656,3.73
942,755.74158,744.57985,6.37991,6.41472,3.73
943,756.38152,745.22181,6.41892,6.42437,3.73
944,757.02543,745.86527,6.45934,6.44488,3.73
945,757.6735,746.5112,6.50191,6.47374,3.73
946,758.32598,747.16025,6.54768,6.50733,3.73
947,758.98321,747.81274,6.59704,6.54246,3.73
948,759.64553,748.46872,6.64936,6.57718,3.73
949,760.31317,749.1281,6.70344,6.61026,3.73
950,760.98624,749.79063,6.75794,6.64038,3.73
951,761.66473,750.45597,6.81187,6.66639,3.73
952,762.34858,751.12367,6.8652,6.68764,3.73
953,763.03779,751.79325,6.91899,6.70407,3.73
954,763.73245,752.46427,6.9742,6.71633,3.73
955,764.43268,753.13639,7.03035,6.72594,3.73
956,765.13848,753.80942,7.0857,6.73467,3.73
957,765.84967,754.48333,7.13793,6.74359,3.73
958,766.5658,755.15817,7.18468,6.75307,3.73
959,767.28626,755.83399,7.22461,6.76352,3.73
960,768.01039,756.51096,7.25807,6.77576,3.73
961,768.7376,757.18929,7.28613,6.79081,3.73
962,769.46739,757.86928,7.30948,6.80914,3.73
963,770.19926,758.55125,7.32812,6.83024,3.73
964,770.93273,759.23541,7.34126,6.85294,3.73
965,771.66718,759.92188,7.34773,6.87652,3.73
966,772.40192,760.61082,7.34707,6.90222,3.73
967,773.13632,761.3026,7.34089,6.93332,3.73
968,773.87005,761.99793,7.33377,6.97321,3.73
969,774.60333,762.69776,7.33185,7.02338,3.73
970,775.33687,763.40308,7.33894,7.08311,3.73
971,776.07153,764.11475,7.35424,7.15029,3.73
972,776.80794,764.83336,7.37397,7.22182,3.73
973,777.54641,765.55914,7.39526,7.29387,3.73
974,778.28708,766.29195,7.41817,7.36226,3.73
975,779.0302,767.03123,7.44432,7.42348,3.73
976,779.77616,767.77619,7.47481,7.47574,3.73
977,780.5254,768.52594,7.51005,7.51921,3.73
978,781.27839,769.27965,7.54983,7.55505,3.73
979,782.03553,770.03659,7.59288,7.58373,3.73
980,782.79704,770.796,7.63735,7.60437,3.73
981,783.56304,771.55702,7.68259,7.61606,3.73
982,784.33366,772.31878,7.72989,7.61915,3.73
983,785.1092,773.08048,7.78086,7.61479,3.73
984,785.89003,773.84144,7.83568,7.60452,3.73
985,786.67647,774.60119,7.89324,7.59052,3.73
986,787.46875,775.35948,7.95233,7.5753,3.73
987,788.26696,776.11627,8.01178,7.56043,3.73
988,789.07107,776.87161,8.07044,7.54639,3.73
989,789.88097,777.62563,8.12763,7.53399,3.73
990,790.69653,778.37863,8.18349,7.52588,3.73
991,791.51763,779.13124,8.23849,7.5265,3.73
992,792.34419,779.88459,8.29283,7.54041,3.73
993,793.17616,780.64017,8.34647,7.57121,3.73
994,794.01345,781.39982,8.39929,7.62179,3.73
995,794.85593,782.16558,8.45039,7.69338,3.73
996,795.70333,782.9394,8.49759,7.78312,3.73
997,796.55516,783.72279,8.53903,7.88454,3.73
998,797.41089,784.51653,8.57555,7.99038,3.73
999,798.27017,785.32079,8.61012,8.09478,3.73
1000,799.13295,786.13525,8.64554,8.19446,3.73
1001,799.9994,786.95935,8.68339,8.2875,3.73
1002,800.86976,787.79227,8.72374,8.37081,3.73
1003,801.74422,788.63286,8.76546,8.44102,3.73
1004,802.62285,789.47979,8.80724,8.49754,3.73
1005,803.50564,790.33183,8.84846,8.54324,3.73
1006,804.39254,791.1881,8.88955,8.58231,3.73
1007,805.28359,792.04811,8.93142,8.61774,3.73
1008,806.17882,792.91149,8.97319,8.64986,3.73
1009,807.07797,793.77786,9.00993,8.67758,3.73
1010,807.98012,794.64678,9.03293,8.70078,3.73
1011,808.88347,795.51787,9.03421,8.721,3.73
1012,809.78579,796.39091,9.01204,8.73979,3.73
1013,810.68499,797.26576,8.97195,8.7572,3.73
1014,811.57975,798.14224,8.92336,8.77257,3.73
1015,812.46972,799.02018,8.87596,8.78607,3.73
1016,813.35542,799.89942,8.83814,8.79886,3.73
1017,814.23813,800.77997,8.81601,8.81198,3.73
1018,815.11954,801.66182,8.8122,8.82504,3.73
1019,816.00139,802.54488,8.82475,8.83632,3.73
1020,816.88499,803.42893,8.84736,8.84454,3.73
1021,817.77093,804.3137,8.87144,8.85088,3.73
1022,818.65894,805.19917,8.88871,8.85859,3.73
1023,819.54802,806.0856,8.89298,8.86994,3.73
1024,820.43674,806.97326,8.88133,8.88322,3.73
1025,821.32352,807.86207,8.85425,8.89313,3.73
1026,822.20697,808.75146,8.81483,8.89468,3.73
1027,823.0861,809.64054,8.7677,8.88684,3.73
1028,823.96041,810.52848,8.71842,8.87189,3.73
1029,824.83,811.41466,8.67346,8.85166,3.73
1030,825.69565,812.29853,8.63959,8.82588,3.73
1031,826.55866,813.17953,8.62066,8.79417,3.73
1032,827.42044,814.05719,8.61483,8.75884,3.73
1033,828.28197,814.93136,8.61575,8.72466,3.73
1034,829.14357,815.80239,8.61622,8.69594,3.73
1035,830.00494,816.67089,8.61122,8.67401,3.73
1036,830.86541,817.53743,8.59831,8.65677,3.73
1037,831.72412,818.40227,8.57589,8.64001,3.73
1038,832.58001,819.26525,8.54172,8.61976,3.73
1039,833.43182,820.12597,8.49462,8.5945,3.73
1040,834.27837,820.98394,8.4363,8.56488,3.73
1041,835.11868,821.83881,8.36994,8.53266,3.73
1042,835.95205,822.69044,8.29745,8.49977,3.73
1043,836.77786,823.53878,8.21874,8.46707,3.73
1044,837.59547,824.38385,8.13352,8.43445,3.73
1045,838.40436,825.22568,8.04428,8.40204,3.73
1046,839.20447,826.06426,7.95795,8.3697,3.73
1047,839.99656,826.89954,7.88375,8.33579,3.73
1048,840.78213,827.73122,7.82767,8.29778,3.73
1049,841.56294,828.55879,7.78857,8.25362,3.73
1050,842.34033,829.38158,7.75911,8.20225,3.73
1051,843.11485,830.19891,7.73134,8.14442,3.73
1052,843.88653,831.0103,7.70233,8.08335,3.73
1053,844.65538,831.81561,7.67458,8.02279,3.73
1054,845.4217,832.61498,7.65189,7.96463,3.73
1055,846.18609,833.40862,7.6359,7.90826,3.73
1056,846.94917,834.19662,7.62569,7.85172,3.73
1057,847.71141,834.97886,7.61904,7.79304,3.73
1058,848.47302,835.75507,7.61326,7.73106,3.73
1059,849.23395,836.52491,7.60534,7.66586,3.73
1060,849.99381,837.28817,7.59174,7.59937,3.73
1061,850.75188,838.04492,7.56976,7.53546,3.73
1062,851.50739,838.79563,7.54048,7.47877,3.73
1063,852.25989,839.54118,7.50947,7.43218,3.73
1064,853.00956,840.28253,7.4839,7.39496,3.73
1065,853.75722,841.02044,7.46924,7.36324,3.73
1066,854.50404,841.75522,7.46732,7.33229,3.73
1067,855.25121,842.48683,7.47603,7.30002,3.73
1068,855.99954,843.21527,7.49055,7.26876,3.73
1069,856.74934,843.94082,7.50536,7.24227,3.73
1070,857.50042,844.664,7.51631,7.22129,3.73
1071,858.2523,845.38515,7.52123,7.20174,3.73
1072,859.00433,846.1041,7.51946,7.1771,3.73
1073,859.75586,846.82013,7.51119,7.14366,3.73
1074,860.50629,847.53255,7.49738,7.10468,3.73
1075,861.25518,848.24124,7.48037,7.06912,3.73
1076,862.00244,848.94697,7.46484,7.04535,3.73
1077,862.74855,849.651,7.45732,7.03534,3.73
1078,863.4946,850.35445,7.46372,7.03371,3.73
1079,864.24217,851.05773,7.48764,7.0318,3.73
1080,864.99308,851.76044,7.53052,7.0225,3.73
1081,865.74917,852.46171,7.59146,7.00292,3.73
1082,866.51206,853.16059,7.66626,6.97465,3.73
1083,867.28274,853.85642,7.74735,6.94199,3.73
1084,868.06136,854.549,7.82501,6.90952,3.73
1085,868.84709,855.23854,7.88961,6.88141,3.73
1086,869.63831,855.9257,7.93475,6.86178,3.73
1087,870.43302,856.61152,7.9596,6.85452,3.73
1088,871.22944,857.2974,7.96875,6.86301,3.73
1089,872.02639,857.98506,7.97014,6.89027,3.73
1090,872.8235,858.6765,7.97214,6.93857,3.73
1091,873.62115,859.3738,7.98078,7.00744,3.73
1092,874.42009,860.07873,7.99814,7.09112,3.73
1093,875.22121,860.79221,8.02418,7.1785,3.73
1094,876.02544,861.51399,8.06054,7.25717,3.73
1095,876.83402,862.24275,8.1109,7.31797,3.73
1096,877.64841,862.97649,8.17699,7.35672,3.73
1097,878.47006,863.71303,8.25602,7.37411,3.73
1098,879.29995,864.45053,8.34171,7.37596,3.73
1099,880.13837,865.18795,8.42676,7.37245,3.73
1100,880.98497,865.92531,8.50516,7.37482,3.73
1101,881.83891,866.66358,8.57373,7.39049,3.73
1102,882.69922,867.40414,8.63238,7.4207,3.73
1103,883.565,868.14824,8.68325,7.46139,3.73
1104,884.43559,868.89661,8.72855,7.50583,3.73
1105,885.31047,869.64927,8.76898,7.5475,3.73
1106,886.18915,870.40578,8.8047,7.58261,3.73
1107,887.07122,871.16549,8.83667,7.61155,3.73
1108,887.95635,871.928,8.866,7.63864,3.73
1109,888.84431,872.6934,8.89319,7.66939,3.73
1110,889.73491,873.46217,8.9188,7.70606,3.73
1111,890.62806,874.23474,8.94423,7.74535,3.73
1112,891.52382,875.01109,8.97093,7.7817,3.73
1113,892.42229,875.79084,8.99845,7.81325,3.73
1114,893.32343,876.57375,9.02442,7.84488,3.73
1115,894.22697,877.36029,9.04643,7.88598,3.73
1116,895.13244,878.15184,9.06297,7.94506,3.73
1117,896.03924,878.95037,9.07302,8.02548,3.73
1118,896.94667,879.75787,9.07557,8.12462,3.73
1119,897.85391,880.57591,9.06926,8.23605,3.73
1120,898.76004,881.40533,9.05321,8.35233,3.73
1121,899.66412,882.2463,9.02842,8.46707,3.73
1122,900.56541,883.09844,8.99743,8.57574,3.73
1123,901.46338,883.961,8.96197,8.67558,3.73
1124,902.35755,884.83308,8.92136,8.76598,3.73
1125,903.24728,885.71379,8.87333,8.84809,3.73
1126,904.13175,886.6023,8.81594,8.92215,3.73
1127,905.00998,887.49768,8.74881,8.98551,3.73
1128,905.88108,888.39873,8.67316,9.03537,3.73
1129,906.74434,889.30411,8.59194,9.07236,3.73
1130,907.59942,890.21273,8.50966,9.09993,3.73
1131,908.44646,891.12377,8.43108,9.12088,3.73
1132,909.28602,892.03663,8.36013,9.13634,3.73
1133,910.11903,892.9508,8.30017,9.14705,3.73
1134,910.9467,893.86587,8.25325,9.15449,3.73
1135,911.77026,894.78167,8.2179,9.16146,3.73
1136,912.59064,895.69832,8.18974,9.17153,3.73
1137,913.40838,896.61624,8.16502,9.18685,3.73
1138,914.22375,897.53591,8.14242,9.2066,3.73
1139,915.03696,898.45763,8.12175,9.22778,3.73
1140,915.84817,899.38139,8.10244,9.24747,3.73
1141,916.65745,900.307,8.08313,9.26461,3.73
1142,917.46472,901.2342,8.06224,9.27949,3.73
1143,918.26977,902.16273,8.03872,9.29096,3.73
1144,919.07233,903.09206,8.01259,9.29573,3.73
1145,919.87226,904.02141,7.98608,9.29136,3.73
1146,920.66976,904.94992,7.96385,9.27874,3.73
1147,921.46549,905.87689,7.95065,9.2607,3.73
1148,922.26044,906.8019,7.94843,9.23952,3.73
1149,923.05562,907.72469,7.95516,9.21616,3.73
1150,923.85164,908.64503,7.96516,9.19065,3.73
1151,924.64841,909.5627,7.97041,9.16276,3.73
1152,925.44514,910.47747,7.96409,9.13274,3.73
1153,926.2406,911.38921,7.9452,9.10207,3.73
1154,927.03387,912.29795,7.92011,9.0726,3.73
1155,927.82484,913.20384,7.89934,9.04521,3.73
1156,928.61445,914.10712,7.89274,9.02033,3.73
1157,929.40439,915.00804,7.90621,8.99817,3.73
1158,930.19676,915.90684,7.94109,8.97783,3.73
1159,930.99356,916.80362,7.99493,8.95771,3.73
1160,931.79643,917.6983,8.06259,8.936,3.73
1161,932.60646,918.5906,8.13799,8.90989,3.73
1162,933.42414,919.4799,8.21561,8.87607,3.73
1163,934.24945,920.36537,8.29053,8.83347,3.73
1164,935.08191,921.2463,8.35858,8.78507,3.73
1165,935.92068,922.12234,8.41698,8.73574,3.73
1166,936.76476,922.99358,8.46447,8.68896,3.73
1167,937.61304,923.86031,8.50123,8.64571,3.73
1168,938.46457,924.72287,8.52925,8.6055,3.73
1169,939.31866,925.58155,8.55266,8.56819,3.73
1170,940.17518,926.43672,8.57776,8.53512,3.73
1171,941.03467,927.28884,8.61203,8.50731,3.73
1172,941.89833,928.13832,8.66105,8.48237,3.73
1173,942.76763,928.98517,8.72494,8.45453,3.73
1174,943.64382,929.82881,8.79893,8.41836,3.73
1175,944.52764,930.66833,8.87755,8.37196,3.73
1176,945.41937,931.50281,8.95694,8.3177,3.73
1177,946.31888,932.33174,9.03338,8.26089,3.73
1178,947.22567,933.15513,9.10226,8.20687,3.73
1179,948.13876,933.97342,9.1597,8.15895,3.73
1180,949.05696,934.7873,9.20433,8.11867,3.73
1181,949.9791,935.59758,9.2383,8.08682,3.73
1182,950.9044,936.40508,9.26783,8.06323,3.73
1183,951.83278,937.21055,9.29977,8.04614,3.73
1184,952.76458,938.01447,9.33619,8.03237,3.73
1185,953.70002,938.817,9.37249,8.01827,3.73
1186,954.6386,939.61799,9.39912,8.00139,3.73
1187,955.57878,940.41717,9.40465,7.98228,3.73
1188,956.51802,941.21452,9.38003,7.96482,3.73
1189,957.45322,942.01048,9.32394,7.95438,3.73
1190,958.38171,942.80594,9.24588,7.9548,3.73
1191,959.30215,943.602,9.16307,7.96638,3.73
1192,960.21491,944.39966,9.09212,7.98684,3.73
1193,961.12158,945.19969,9.04112,8.01379,3.73
1194,962.02405,946.0027,9.00826,8.04624,3.73
1195,962.92381,946.80921,8.98703,8.08408,3.73
1196,963.82174,947.61976,8.97153,8.12692,3.73
1197,964.71817,948.43485,8.95709,8.1749,3.73
1198,965.61293,949.25511,8.93812,8.23032,3.73
1199,966.50527,950.08149,8.90873,8.29731,3.73
1200,967.39404,950.91532,8.86659,8.3793,3.73
1201,968.27809,951.75806,8.81435,8.47534,3.73
1202,969.15659,952.61077,8.75581,8.57884,3.73
1203,970.02902,953.47374,8.69273,8.68059,3.73
1204,970.89496,954.34642,8.62605,8.77315,3.73
1205,971.75418,955.22771,8.55839,8.85261,3.73
1206,972.60682,956.1162,8.49441,8.91714,3.73
1207,973.45346,957.01036,8.43831,8.96597,3.73
1208,974.29495,957.9087,8.3915,9.00082,3.73
1209,975.13215,958.81007,8.35249,9.02663,3.73
1210,975.96567,959.71385,8.31799,9.04904,3.73
1211,976.79579,960.61983,8.28437,9.07047,3.73
1212,977.62245,961.52779,8.24892,9.08877,3.73
1213,978.44542,962.43723,8.21047,9.09996,3.73
1214,979.26443,963.34732,8.16974,9.10196,3.73
1215,980.07938,964.25722,8.12916,9.09595,3.73
1216,980.89046,965.1663,8.09249,9.08561,3.73
1217,981.69833,966.07436,8.06489,9.07566,3.73
1218,982.50416,966.98162,8.05175,9.06953,3.73
1219,983.3095,967.88846,8.05491,9.06731,3.73
1220,984.11572,968.79515,8.06959,9.0664,3.73
1221,984.92349,969.70166,8.08583,9.06391,3.73
1222,985.73248,970.60777,8.09387,9.05828,3.73
1223,986.54164,971.5131,8.08936,9.04825,3.73
1224,987.34983,972.41707,8.07452,9.03115,3.73
1225,988.15635,973.31882,8.05591,9.0039,3.73
1226,988.96121,974.21731,8.04122,8.96581,3.73
1227,989.76508,975.11159,8.03622,8.91984,3.73
1228,990.56903,976.00117,8.0428,8.87191,3.73
1229,991.37412,976.88621,8.05898,8.82889,3.73
1230,992.18111,977.76745,8.08071,8.79584,3.73
1231,992.99029,978.64594,8.10299,8.77394,3.73
1232,993.8014,979.52268,8.11921,8.76093,3.73
1233,994.61344,980.39841,8.12151,8.75364,3.73
1234,995.42464,981.27354,8.10262,8.74895,3.73
1235,996.23263,982.14813,8.05707,8.74278,3.73
1236,997.03457,983.02178,7.98168,8.73027,3.73
1237,997.82746,983.89369,7.87611,8.70798,3.73
1238,998.60843,984.76283,7.74345,8.67482,3.73
1239,999.37511,985.62811,7.59003,8.63071,3.73
1240,1000.12577,986.48844,7.4232,8.57591,3.73
1241,1000.85937,987.34284,7.24891,8.51211,3.73
1242,1001.57539,988.19059,7.0713,8.44276,3.73
1243,1002.27368,989.03132,6.89453,8.37184,3.73
1244,1002.95466,989.86504,6.72508,8.30267,3.73
1245,1003.61949,990.69201,6.57161,8.23662,3.73
1246,1004.27016,991.51247,6.44167,8.17272,3.73
1247,1004.90913,992.3266,6.33778,8.10979,3.73
1248,1005.53884,993.1345,6.25638,8.04833,3.73
1249,1006.16119,993.93636,6.19078,7.9888,3.73
1250,1006.77748,994.73227,6.13503,7.92934,3.73
1251,1007.38847,995.5221,6.08476,7.86726,3.73
1252,1007.99447,996.30555,6.03514,7.80177,3.73
1253,1008.59525,997.08235,5.98049,7.73414,3.73
1254,1009.19013,997.85233,5.91702,7.66547,3.73
1255,1009.77823,998.61531,5.84513,7.59422,3.73
1256,1010.35893,999.3708,5.76891,7.51549,3.73
1257,1010.93208,1000.11769,5.69391,7.42242,3.73
1258,1011.49803,1000.85426,5.62516,7.30889,3.73
1259,1012.05761,1001.57832,5.56638,7.17241,3.73
1260,1012.61191,1002.28775,5.51962,7.0162,3.73
1261,1013.16214,1002.98104,5.48509,6.84954,3.73
1262,1013.70945,1003.65776,5.46112,6.68497,3.73
1263,1014.25472,1004.31865,5.44432,6.53269,3.73
1264,1014.79846,1004.96512,5.43035,6.39676,3.73
1265,1015.34078,1005.59873,5.41605,6.27544,3.73
1266,1015.88162,1006.2207,5.40086,6.16389,3.73
1267,1016.42098,1006.83178,5.38637,6.05776,3.73
1268,1016.95902,1007.43245,5.3744,5.95566,3.73
1269,1017.496,1008.02318,5.36518,5.8589,3.73
1270,1018.03211,1008.60459,5.35698,5.76945,3.73
1271,1018.5673,1009.1775,5.34683,5.68876,3.73
1272,1019.10122,1009.74288,5.33154,5.61876,3.73
1273,1019.63325,1010.30196,5.3091,5.56275,3.73
1274,1020.16268,1010.85623,5.27941,5.52267,3.73
1275,1020.68882,1011.40714,5.24343,5.49561,3.73
1276,1021.21107,1011.95568,5.20153,5.47517,3.73
1277,1021.72879,1012.50221,5.15295,5.45551,3.73
1278,1022.24128,1013.04663,5.09682,5.43288,3.73
1279,1022.74778,1013.58855,5.03321,5.40546,3.73
1280,1023.24763,1014.12749,4.96369,5.37336,3.73
1281,1023.74037,1014.66307,4.89124,5.33818,3.73
1282,1024.22587,1015.19507,4.81868,5.30178,3.73
1283,1024.70418,1015.72341,4.74751,5.26507,3.73
1284,1025.17549,1016.24807,4.67869,5.22816,3.73
1285,1025.64009,1016.76903,4.61346,5.19104,3.73
1286,1026.09844,1017.28628,4.55339,5.15398,3.73
1287,1026.55113,1017.79986,4.50039,5.11755,3.73
1288,1026.99897,1018.30983,4.45658,5.08179,3.73
1289,1027.44299,1018.8162,4.42376,5.04575,3.73
1290,1027.88431,1019.31889,4.40256,5.00794,3.73
1291,1028.32401,1019.81763,4.3914,4.96693,3.73
1292,1028.76288,1020.31208,4.38604,4.92216,3.73
1293,1029.20126,1020.80191,4.38159,4.87442,3.73
1294,1029.63913,1021.28689,4.37576,4.82502,3.73
1295,1030.07637,1021.76689,4.36901,4.77498,3.73
1296,1030.51292,1022.24192,4.36211,4.72574,3.73
1297,1030.94879,1022.71216,4.35531,4.67902,3.73
1298,1031.38402,1023.17788,4.34921,4.63532,3.73
1299,1031.81869,1023.63932,4.34424,4.59348,3.73
1300,1032.25285,1024.09659,4.33895,4.55208,3.73
1301,1032.68628,1024.54972,4.32961,4.51052,3.73
1302,1033.1183,1024.99868,4.31074,4.46859,3.73
1303,1033.54759,1025.44342,4.27519,4.42623,3.73
1304,1033.97206,1025.88395,4.21407,4.38428,3.73
1305,1034.38867,1026.32041,4.11809,4.34499,3.73
1306,1034.79354,1026.75325,3.97942,4.31177,3.73
1307,1035.18218,1027.18318,3.79338,4.28682,3.73
1308,1035.54984,1027.61092,3.55973,4.26799,3.73
1309,1035.89199,1028.03673,3.28343,4.24834,3.73
1310,1036.20486,1028.46007,2.97394,4.21835,3.73
1311,1036.48572,1028.87939,2.64313,4.16815,3.73
1312,1036.73304,1029.29226,2.30341,4.08912,3.73
1313,1036.94657,1029.69549,1.96708,3.97558,3.73
1314,1037.12721,1030.08558,1.64583,3.82613,3.73
1315,1037.27698,1030.45907,1.34959,3.6438,3.73
1316,1037.39869,1030.81297,1.08457,3.43416,3.73
1317,1037.49554,1031.14483,0.85232,3.20297,3.73
1318,1037.57069,1031.45273,0.65078,2.955,3.73
1319,1037.62709,1031.73518,0.47723,2.69415,3.73
1320,1037.65095,1031.99109,0,2.42399,3.73
1321,1037.65095,1032.21971,0,2.14837,3.73
1322,1037.65095,1032.42068,0,1.87099,3.73
1323,1037.65095,1032.59396,0,1.59471,3.73
1324,1037.65095,1032.73982,0,1.32236,3.73
1325,1037.65095,1032.85888,0,1.059,3.73
1326,1037.65095,1032.95247,0,0.81271,3.73
1327,1037.65095,1033.02279,0,0.59373,3.73
1328,1037.65095,1033.07306,0,0.4116,3.73
1329,1037.65095,1033.09364,0,0,3.73
1330,1037.65095,1033.09364,0,0,3.73
1331,1037.65095,1033.09364,0,0,3.73
1332,1037.65095,1033.09364,0,0,3.73
1333,1037.65095,1033.09364,0,0,3.73
1334,1037.65095,1033.09364,0,0,3.73
1335,1037.65095,1033.09364,0,0,3.73
1336,1037.65095,1033.09364,0,0,3.73
1337,1037.65095,1033.09364,0,0,3.73
1338,1037.65095,1033.09364,0,0,3.73
1339,1037.65095,1033.09364,0,0,3.73
1340,1037.65095,1033.09364,0,0,3.73
1341,1037.65095,1033.09364,0,0,3.73
1342,1037.65095,1033.09364,0,0,3.73
1343,1037.65095,1033.09364,0,0,3.73
1344,1037.65095,1033.09364,0,0,3.73
1345,1037.65095,1033.09364,0,0,3.73
1346,1037.65095,1033.09364,0,0,3.73
1347,1037.65095,1033.09364,0,0,3.73
1348,1037.65095,1033.09364,0,0,3.73
1349,1037.65095,1033.09364,0,0,3.73
1350,1037.65095,1033.09364,0,0,3.73
1351,1037.65095,1033.09364,0,0,3.73
1352,1037.65095,1033.09364,0,0,3.73
1353,1037.65095,1033.09364,0,0,3.73
1354,1037.65095,1033.09364,0,0,3.73
1355,1037.65095,1033.09364,0,0,3.73
1356,1037.65095,1033.09364,0,0,3.73
1357,1037.65095,1033.09364,0,0,3.73
1358,1037.65095,1033.09364,0,0,3.73
1359,1037.65095,1033.09364,0,0,3.73
1360,1037.65095,1033.09364,0,0,3.73
1361,1037.65095,1033.09364,0,0,3.73
1362,1037.65095,1033.09364,0,0,3.73
1363,1037.65095,1033.09364,0,0,3.73
1364,1037.65095,1033.09364,0,0,3.73
1365,1037.65095,1033.09364,0,0,3.73
1366,1037.65095,1033.09364,0,0,3.73
1367,1037.65095,1033.09364,0,0,3.73
1368,1037.65095,1033.09364,0,0,3.73
1369,1037.65095,1033.09364,0,0,3.73
1370,1037.65095,1033.09364,0,0,3.73
1371,1037.65095,1033.09364,0,0,3.73
1372,1037.65095,1033.09364,0,0,3.73
1373,1037.65095,1033.09364,0,0,3.73
1374,1037.65095,1033.09364,0,0,3.73
1375,1037.65095,1033.09364,0,0,3.73
1376,1037.65095,1033.09364,0,0,3.73
1377,1037.65095,1033.09364,0,0,3.73
1378,1037.65095,1033.09364,0,0,3.73
1379,1037.65095,1033.09364,0,0,3.73
1380,1037.65095,1033.09364,0,0,3.73
1381,1037.65095,1033.09364,0,0,3.73
1382,1037.65095,1033.09364,0,0,3.73
1383,1037.65095,1033.09364,0,0,3.73
1384,1037.65095,1033.09364,0,0,3.73
1385,1037.65095,1033.09364,0,0,3.73
1386,1037.65095,1033.09364,0,0,3.73
1387,1037.65095,1033.09364,0,0,3.73
1388,1037.65095,1033.09364,0,0,3.73
1389,1037.65095,1033.09364,0,0,3.73
1390,1037.65095,1033.09364,0,0,3.73
1391,1037.65095,1033.09364,0,0,3.73
1392,1037.65095,1033.09364,0,0,3.73
1393,1037.65095,1033.09364,0,0,3.73
1394,1037.65095,1033.09364,0,0,3.73
1395,1037.65095,1033.09364,0,0,3.73
1396,1037.65095,1033.09364,0,0,3.73
1397,1037.65095,1033.09364,0,0,3.73
1398,1037.65095,1033.09364,0,0,3.73
1399,1037.65095,1033.09364,0,0,3.73
1400,1037.65095,1033.09364,0,0,3.73
1401,1037.65095,1033.09364,0,0,3.73
1402,1037.65095,1033.09364,0,0,3.73
1403,1037.65095,1033.09364,0,0,3.73
1404,1037.65095,1033.09364,0,0,3.73
1405,1037.65095,1033.09364,0,0,3.73
1406,1037.65095,1033.09364,0,0,3.73
1407,1037.65095,1033.09364,0,0,3.73
1408,1037.65095,1033.09364,0,0,3.73
1409,1037.65095,1033.09364,0,0,3.73
1410,1037.65095,1033.09364,0,0,3.73
1411,1037.65095,1033.09364,0,0,3.73
1412,1037.65095,1033.09364,0,0,3.73
1413,1037.65095,1033.09364,0,0,3.73
1414,1037.65095,1033.09364,0,0,3.73
1415,1037.65095,1033.09364,0,0,3.73
1416,1037.65095,1033.09364,0,0,3.73
1417,1037.65095,1033.09364,0,0,3.73
1418,1037.65095,1033.09364,0,0,3.73
1419,1037.65095,1033.09364,0,0,3.73
1420,1037.65095,1033.09364,0,0,3.73
1421,1037.65095,1033.09364,0,0,3.73
1422,1037.65095,1033.09364,0,0,3.73
1423,1037.65095,1033.09364,0,0,3.73
1424,1037.65095,1033.09364,0,0,3.73
1425,1037.65095,1033.09364,0,0,3.73
1426,1037.65095,1033.09364,0,0,3.73
1427,1037.65095,1033.09364,0,0,3.73
1428,1037.65095,1033.09364,0,0,3.73
1429,1037.65095,1033.09364,0,0,3.73
1430,1037.65095,1033.09364,0,0,3.73
1431,1037.65095,1033.09364,0,0,3.73
1432,1037.65095,1033.09364,0,0,3.73
1433,1037.65095,1033.09364,0,0,3.73
1434,1037.65095,1033.09364,0,0,3.73
1435,1037.65095,1033.09364,0,0,3.73
1436,1037.65095,1033.09364,0,0,3.73
1437,1037.65095,1033.09364,0,0,3.73
1438,1037.65095,1033.09364,0,0,3.73
1439,1037.65095,1033.09364,0,0,3.73
1440,1037.65095,1033.09364,0,0,3.73
1441,1037.65095,1033.09364,0,0,3.73
1442,1037.65095,1033.09364,0,0,3.73
1443,1037.65095,1033.09364,0,0,3.73
1444,1037.65095,1033.09364,0,0,3.73
1445,1037.65095,1033.09364,0,0,3.73
1446,1037.65095,1033.09364,0,0,3.73
1447,1037.65095,1033.09364,0,0,3.73
1448,1037.65095,1033.09364,0,0,3.73
1449,1037.65095,1033.09364,0,0,3.73
1450,1037.65095,1033.09364,0,0,3.73
1451,1037.65095,1033.09364,0,0,3.73
1452,1037.65095,1033.09364,0,0,3.73
1453,1037.67235,1033.09364,0.42799,0,3.73
1454,1037.72085,1033.09364,0.54202,0,3.73
1455,1037.78012,1033.09364,0.6433,0,3.73
1456,1037.84841,1033.09364,0.72246,0,3.73
1457,1037.92333,1033.09364,0.7759,0,3.73
1458,1038.00236,1033.09364,0.80474,0,3.73
1459,1038.08322,1033.114,0.81256,0.40719,3.73
1460,1038.16408,1033.16083,0.80451,0.52933,3.73
1461,1038.24364,1033.22012,0.78672,0.65659,3.73
1462,1038.32123,1033.29196,0.76504,0.78028,3.73
1463,1038.39667,1033.37553,0.74383,0.89101,3.73
1464,1038.47015,1033.46906,0.72574,0.97963,3.73
1465,1038.54207,1033.56999,0.7126,1.03887,3.73
1466,1038.61299,1033.67521,0.70585,1.06568,3.73
1467,1038.68357,1033.78163,0.70581,1.06256,3.73
1468,1038.75441,1033.88659,0.71099,1.03667,3.73
1469,1038.82586,1033.98827,0.7181,0.99707,3.73
1470,1038.89791,1034.08573,0.72291,0.95205,3.73
1471,1038.97017,1034.17872,0.7222,0.90777,3.73
1472,1039.04208,1034.26753,0.71594,0.86835,3.73
1473,1039.11322,1034.35276,0.70702,0.83635,3.73
1474,1039.1835,1034.43523,0.69851,0.81311,3.73
1475,1039.253,1034.51584,0.69138,0.79909,3.73
1476,1039.32178,1034.5955,0.68435,0.79412,3.73
1477,1039.38978,1034.67508,0.67556,0.79741,3.73
1478,1039.45678,1034.7553,0.66449,0.80706,3.73
1479,1039.52261,1034.83662,0.65214,0.81937,3.73
1480,1039.58722,1034.91903,0.64004,0.8288,3.73
1481,1039.65068,1035.00194,0.6291,0.8293,3.73
1482,1039.71312,1035.08427,0.61981,0.81727,3.73
1483,1039.77479,1035.16481,0.61349,0.79365,3.73
1484,1039.83612,1035.24263,0.61303,0.76274,3.73
1485,1039.89787,1035.31723,0.62216,0.72922,3.73
1486,1039.96117,1035.38853,0.64371,0.69669,3.73
1487,1040.02728,1035.45677,0.67846,0.66826,3.73
1488,1040.09747,1035.52253,0.72539,0.64684,3.73
1489,1040.17285,1035.58659,0.78232,0.63445,3.73
1490,1040.25422,1035.64989,0.84505,0.63155,3.73
1491,1040.3418,1035.71336,0.90654,0.63784,3.73
1492,1040.43505,1035.77794,0.95845,0.65368,3.73
1493,1040.5327,1035.84465,0.99449,0.68053,3.73
1494,1040.63304,1035.91469,1.01233,0.72037,3.73
1495,1040.73433,1035.98944,1.01346,0.77454,3.73
1496,1040.83513,1036.07024,1.00252,0.8414,3.73
1497,1040.93455,1036.158,0.98586,0.91391,3.73
1498,1041.03226,1036.2527,0.96834,0.97997,3.73
1499,1041.12824,1036.35304,0.95121,1.02682,3.73
1500,1041.22247,1036.4567,0.93339,1.04648,3.73
1501,1041.31481,1036.56094,0.91343,1.03828,3.73
1502,1041.405,1036.66324,0.89049,1.00777,3.73
1503,1041.49277,1036.76183,0.86483,0.96401,3.73
1504,1041.57792,1036.85588,0.83825,0.91691,3.73
1505,1041.6605,1036.94542,0.81328,0.87405,3.73
1506,1041.74075,1037.03106,0.79182,0.83868,3.73
1507,1041.81907,1037.11354,0.77444,0.81085,3.73
1508,1041.89582,1037.19355,0.76071,0.78949,3.73
1509,1041.97133,1037.27164,0.7495,0.77225,3.73
1510,1042.04579,1037.34804,0.73971,0.75571,3.73
1511,1042.11932,1037.4227,0.73082,0.73758,3.73
1512,1042.19201,1037.49545,0.72287,0.71744,3.73
1513,1042.26395,1037.56611,0.71608,0.69569,3.73
1514,1042.3353,1037.63456,0.71081,0.67332,3.73
1515,1042.40622,1037.70082,0.70772,0.65178,3.73
1516,1042.47691,1037.76499,0.70595,0.63171,3.73
1517,1042.54728,1037.82726,0.70143,0.61377,3.73
1518,1042.6168,1037.88795,0.68906,0.59999,3.73
1519,1042.68459,1037.94756,0.66671,0.59209,3.73
1520,1042.74974,1038.00664,0.63617,0.58962,3.73
1521,1042.8116,1038.0657,0.60121,0.59159,3.73
1522,1042.86993,1038.12519,0.56527,0.59823,3.73
1523,1042.92471,1038.1856,0.53035,0.60998,3.73
1524,1042.97608,1038.24741,0.49707,0.62607,3.73
1525,1043.02425,1038.31091,0.46631,0.64406,3.73
1526,1043.06962,1038.37609,0.44104,0.65946,3.73
1527,1043.1129,1038.44238,0.42456,0.6663,3.73
1528,1043.1549,1038.50871,0.41543,0.6603,3.73
1529,1043.19597,1038.57382,0.40606,0.64192,3.73
1530,1043.23566,1038.63668,0.38781,0.61532,3.73
1531,1043.27292,1038.69666,0.35723,0.58423,3.73
1532,1043.29078,1038.75334,0,0.54933,3.73
1533,1043.29078,1038.80632,0,0.51039,3.73
1534,1043.29078,1038.85537,0,0.47049,3.73
1535,1043.29078,1038.90066,0,0.43528,3.73
1536,1043.29078,1038.94281,0,0.40773,3.73
1537,1043.30969,1038.98252,0.37817,0.38657,3.73
1538,1043.35241,1039.02041,0.47636,0.37123,3.73
1539,1043.4057,1039.05732,0.58945,0.36688,3.73
1540,1043.47019,1039.09481,0.70031,0.38302,3.73
1541,1043.54471,1039.13539,0.79016,0.42858,3.73
1542,1043.62639,1039.18223,0.84328,0.50829,3.73
1543,1043.71117,1039.23866,0.85237,0.62031,3.73
1544,1043.79489,1039.30742,0.822,0.75473,3.73
1545,1043.87437,1039.38991,0.76768,0.89507,3.73
1546,1043.94829,1039.48572,0.71062,1.02123,3.73
1547,1044.01734,1039.59243,0.67042,1.11286,3.73
1548,1044.08381,1039.70581,0.65904,1.15489,3.73
1549,1044.15073,1039.82072,0.67925,1.14322,3.73
1550,1044.22105,1039.93221,0.72719,1.08668,3.73
1551,1044.29725,1040.0367,0.79677,1.00297,3.73
1552,1044.38127,1040.13242,0.88376,0.91147,3.73
1553,1044.47482,1040.21943,0.98716,0.82878,3.73
1554,1044.57953,1040.29926,1.10701,0.76777,3.73
1555,1044.69698,1040.3745,1.24211,0.73711,3.73
1556,1044.8286,1040.44834,1.39025,0.73959,3.73
1557,1044.97557,1040.52394,1.54908,0.77255,3.73
1558,1045.13881,1040.60414,1.71586,0.83146,3.73
1559,1045.31895,1040.69133,1.88692,0.91233,3.73
1560,1045.51623,1040.7875,2.0586,1.011,3.73
1561,1045.73063,1040.89419,2.2294,1.12291,3.73
1562,1045.96215,1041.01257,2.401,1.2446,3.73
1563,1046.21105,1041.14356,2.57694,1.3751,3.73
1564,1046.47789,1041.2881,2.76001,1.51582,3.73
1565,1046.76341,1041.44733,2.95024,1.66879,3.73
1566,1047.06817,1041.62251,3.14513,1.83483,3.73
1567,1047.39248,1041.8149,3.34098,2.01286,3.73
1568,1047.73625,1042.02554,3.53434,2.19995,3.73
1569,1048.09909,1042.25509,3.72252,2.39116,3.73
1570,1048.4804,1042.50363,3.90364,2.57964,3.73
1571,1048.87942,1042.77056,4.07686,2.75891,3.73
1572,1049.29536,1043.05485,4.24182,2.92685,3.73
1573,1049.7273,1043.35555,4.39715,3.08723,3.73
1574,1050.17414,1043.67226,4.5395,3.24689,3.73
1575,1050.63431,1044.00522,4.66389,3.41229,3.73
1576,1051.10574,1044.35523,4.76481,3.58802,3.73
1577,1051.58586,1044.72343,4.8376,3.77598,3.73
1578,1052.07172,1045.111,4.87966,3.97532,3.73
1579,1052.56025,1045.51892,4.89082,4.18318,3.73
1580,1053.0484,1045.94786,4.87224,4.39556,3.73
1581,1053.53333,1046.39794,4.82641,4.60606,3.73
1582,1054.0126,1046.86841,4.75891,4.80326,3.73
1583,1054.48449,1047.35716,4.67882,4.97176,3.73
1584,1054.94829,1047.86066,4.59717,5.09829,3.73
1585,1055.40442,1048.37441,4.52551,5.17658,3.73
1586,1055.85433,1048.89361,4.47263,5.20741,3.73
1587,1056.29995,1049.41381,4.43979,5.19676,3.73
1588,1056.74289,1049.93134,4.41901,5.15369,3.73
1589,1057.18371,1050.44343,4.39735,5.08823,3.73
1590,1057.62183,1050.94835,4.36503,5.01006,3.73
1591,1058.05611,1051.44523,4.32068,4.92764,3.73
1592,1058.48563,1051.93397,4.26971,4.84711,3.73
1593,1058.91009,1052.41492,4.21943,4.77198,3.73
1594,1059.32984,1052.88869,4.17554,4.7033,3.73
1595,1059.74572,1053.35584,4.14202,4.63981,3.73
1596,1060.15894,1053.81676,4.12244,4.57844,3.73
1597,1060.57107,1054.27143,4.12018,4.51495,3.73
1598,1060.98397,1054.71935,4.13776,4.44351,3.73
1599,1061.39968,1055.15935,4.17654,4.35659,3.73
1600,1061.82033,1055.58961,4.23635,4.24857,3.73
1601,1062.24789,1056.00812,4.31489,4.12168,3.73
1602,1062.68402,1056.41362,4.40784,3.9883,3.73
1603,1063.1299,1056.80633,4.50977,3.86586,3.73
1604,1063.58617,1057.188,4.61548,3.76755,3.73
1605,1064.05297,1057.56118,4.72056,3.69607,3.73
1606,1064.53003,1057.92823,4.82058,3.64487,3.73
1607,1065.01662,1058.29078,4.91137,3.60616,3.73
1608,1065.51171,1058.65003,4.99045,3.57873,3.73
1609,1066.01411,1059.00742,5.05739,3.5692,3.73
1610,1066.52263,1059.36521,5.11301,3.58653,3.73
1611,1067.03624,1059.72636,5.1592,3.63649,3.73
1612,1067.55415,1060.09418,5.19897,3.71992,3.73
1613,1068.07589,1060.47186,5.23594,3.83356,3.73
1614,1068.60136,1060.8621,5.27332,3.97141,3.73
1615,1069.13067,1061.26698,5.31301,4.12613,3.73
1616,1069.66412,1061.6878,5.35586,4.29023,3.73
1617,1070.20207,1062.12512,5.40322,4.45621,3.73
1618,1070.74513,1062.57875,5.45793,4.61633,3.73
1619,1071.2942,1063.04773,5.5235,4.76324,3.73
1620,1071.85048,1063.5305,5.60206,4.89215,3.73
1621,1072.4152,1064.02524,5.69238,5.00267,3.73
1622,1072.98927,1064.53029,5.78916,5.09844,3.73
1623,1073.57298,1065.04448,5.88502,5.18535,3.73
1624,1074.1659,1065.56724,5.97334,5.26977,3.73
1625,1074.76706,1066.09858,6.04979,5.35702,3.73
1626,1075.37515,1066.63894,6.11204,5.45021,3.73
1627,1075.98871,1067.18898,6.15913,5.55052,3.73
1628,1076.60625,1067.74937,6.19175,5.65726,3.73
1629,1077.2265,1068.32057,6.2132,5.76687,3.73
1630,1077.84866,1068.90259,6.23009,5.87358,3.73
1631,1078.47273,1069.49487,6.25119,5.97192,3.73
1632,1079.09953,1070.09641,6.28492,6.05884,3.73
1633,1079.73063,1070.70608,6.33696,6.13456,3.73
1634,1080.36792,1071.3229,6.40885,6.20188,3.73
1635,1081.01327,1071.9462,6.49818,6.26404,3.73
1636,1081.6682,1072.57551,6.60036,6.32217,3.73
1637,1082.33374,1073.21032,6.71057,6.37411,3.73
1638,1083.01051,1073.84986,6.82476,6.41667,3.73
1639,1083.69871,1074.49316,6.93933,6.44944,3.73
1640,1084.39819,1075.13942,7.05008,6.47566,3.73
1641,1085.10833,1075.7882,7.15283,6.49992,3.73
1642,1085.82825,1076.43947,7.2455,6.52549,3.73
1643,1086.55695,1077.09343,7.32848,6.55381,3.73
1644,1087.29351,1077.7504,7.40277,6.58561,3.73
1645,1088.03707,1078.41071,7.46843,6.62042,3.73
1646,1088.78674,1079.0745,7.52494,6.65555,3.73
1647,1089.5416,1079.74169,7.57241,6.68817,3.73
1648,1090.30083,1080.41201,7.61215,6.71828,3.73
1649,1091.06374,1081.0854,7.64595,6.74954,3.73
1650,1091.82979,1081.76227,7.67521,6.78785,3.73
1651,1092.59862,1082.4436,7.7013,6.83864,3.73
1652,1093.36994,1083.13075,7.72516,6.90447,3.73
1653,1094.14351,1083.82522,7.74626,6.98497,3.73
1654,1094.91905,1084.52838,7.76447,7.07814,3.73
1655,1095.69643,1085.24131,7.78321,7.18049,3.73
1656,1096.47602,1085.96466,7.80853,7.28654,3.73
1657,1097.25869,1086.69848,7.84481,7.38987,3.73
1658,1098.04553,1087.44222,7.89209,7.4848,3.73
1659,1098.83747,1088.19483,7.94672,7.56739,3.73
1660,1099.63498,1088.95501,8.00337,7.63634,3.73
1661,1100.43801,1089.72147,8.0572,7.69275,3.73
1662,1101.24616,1090.49298,8.10582,7.73752,3.73
1663,1102.05891,1091.26833,8.14918,7.76953,3.73
1664,1102.87573,1092.04617,8.18729,7.78725,3.73
1665,1103.696,1092.82507,8.2181,7.79077,3.73
1666,1104.5188,1093.60373,8.23792,7.78231,3.73
1667,1105.34296,1094.38121,8.24525,7.76728,3.73
1668,1106.16746,1095.15729,8.24471,7.7543,3.73
1669,1106.99199,1095.93263,8.24605,7.75259,3.73
1670,1107.81728,1096.70872,8.25972,7.76927,3.73
1671,1108.64494,1097.4876,8.29341,7.80825,3.73
1672,1109.47711,1098.27151,8.35,7.86989,3.73
1673,1110.31591,1099.06256,8.42601,7.95125,3.73
1674,1111.16282,1099.86247,8.51214,8.04689,3.73
1675,1112.01825,1100.67232,8.59653,8.15021,3.73
1676,1112.88147,1101.49259,8.66783,8.25513,3.73
1677,1113.75072,1102.32322,8.71728,8.3575,3.73
1678,1114.62364,1103.16388,8.74109,8.4556,3.73
1679,1115.49778,1104.01412,8.7416,8.54934,3.73
1680,1116.37114,1104.87351,8.72566,8.63838,3.73
1681,1117.24248,1105.74144,8.7011,8.72024,3.73
1682,1118.11127,1106.617,8.6747,8.79098,3.73
1683,1118.97761,1107.49894,8.65222,8.84778,3.73
1684,1119.84208,1108.38588,8.63719,8.89099,3.73
1685,1120.70541,1109.27665,8.6294,8.92446,3.73
1686,1121.56824,1110.17053,8.62718,8.95309,3.73
1687,1122.43117,1111.06716,8.63136,8.97947,3.73
1688,1123.29506,1111.96625,8.64642,9.00248,3.73
1689,1124.16134,1112.8673,8.67915,9.01849,3.73
1690,1125.03215,1113.7694,8.73702,9.02354,3.73
1691,1125.91023,1114.67132,8.82466,9.01483,3.73
1692,1126.7984,1115.57166,8.93879,8.99189,3.73
1693,1127.69865,1116.46913,9.06625,8.95756,3.73
1694,1128.61136,1117.36289,9.18797,8.9176,3.73
1695,1129.53508,1118.25273,9.28644,8.87928,3.73
1696,1130.46701,1119.13916,9.35206,8.84931,3.73
1697,1131.40388,1120.0232,9.38539,8.83146,3.73
1698,1132.34288,1120.90605,9.3946,8.82557,3.73
1699,1133.28217,1121.78873,9.39106,8.82801,3.73
1700,1134.22099,1122.67177,9.38537,8.8327,3.73
1701,1135.1595,1123.55511,9.3849,8.83412,3.73
1702,1136.09844,1124.43831,9.39399,8.8299,3.73
1703,1137.03888,1125.32084,9.41481,8.82063,3.73
1704,1137.98195,1126.20231,9.44658,8.80883,3.73
1705,1138.9286,1127.08264,9.48624,8.79786,3.73
1706,1139.87951,1127.96201,9.53204,8.78955,3.73
1707,1140.83537,1128.84063,9.58526,8.78287,3.73
1708,1141.79701,1129.7186,9.64747,8.77642,3.73
1709,1142.76529,1130.596,9.71821,8.77161,3.73
1710,1143.74104,1131.47322,9.79676,8.77275,3.73
1711,1144.72507,1132.35109,9.88373,8.7847,3.73
1712,1145.71817,1133.23087,9.9784,8.81084,3.73
1713,1146.72092,1134.11399,10.07658,8.85156,3.73
1714,1147.73344,1135.00178,10.17375,8.90425,3.73
1715,1148.75555,1135.89525,10.26854,8.96525,3.73
1716,1149.78709,1136.79509,10.36211,9.03146,3.73
1717,1150.82798,1137.70161,10.4558,9.0989,3.73
1718,1151.87824,1138.61462,10.54929,9.16143,3.73
1719,1152.93773,1139.53341,10.64062,9.21435,3.73
1720,1154.00619,1140.45704,10.72855,9.25825,3.73
1721,1155.08332,1141.38484,10.81411,9.29779,3.73
1722,1156.16897,1142.31668,10.89876,9.33903,3.73
1723,1157.26302,1143.2531,10.98238,9.38939,3.73
1724,1158.36534,1144.1954,11.06385,9.4566,3.73
1725,1159.47567,1145.1455,11.14284,9.54531,3.73
1726,1160.59384,1146.10553,11.22062,9.65534,3.73
1727,1161.71984,1147.07739,11.2993,9.78191,3.73
1728,1162.85383,1148.06233,11.38044,9.91676,3.73
1729,1163.9961,1149.06071,11.46508,10.05094,3.73
1730,1165.14706,1150.07213,11.554,10.1774,3.73
1731,1166.30712,1151.09555,11.64723,10.29103,3.73
1732,1167.47665,1152.12952,11.74342,10.3883,3.73
1733,1168.65579,1153.17232,11.83929,10.46777,3.73
1734,1169.84425,1154.22225,11.93009,10.53077,3.73
1735,1171.04136,1155.27788,12.01207,10.58177,3.73
1736,1172.24624,1156.33835,12.08547,10.62779,3.73
1737,1173.45822,1157.40358,12.15422,10.6767,3.73
1738,1174.6771,1158.47417,12.22327,10.73502,3.73
1739,1175.90306,1159.55119,12.29586,10.80554,3.73
1740,1177.13642,1160.6358,12.37152,10.88661,3.73
1741,1178.37733,1161.72883,12.44662,10.97399,3.73
1742,1179.62556,1162.83066,12.518,11.06249,3.73
1743,1180.88069,1163.9411,12.58453,11.14646,3.73
1744,1182.14215,1165.05955,12.64479,11.22249,3.73
1745,1183.40922,1166.18529,12.69649,11.29231,3.73
1746,1184.68098,1167.31796,12.73882,11.36107,3.73
1747,1185.95659,1168.45769,12.77324,11.43347,3.73
1748,1187.23531,1169.60499,12.80123,11.51267,3.73
1749,1188.5165,1170.76071,12.82262,11.6017,3.73
1750,1189.79943,1171.926,12.83591,11.70413,3.73
1751,1191.08316,1173.10232,12.83879,11.82214,3.73
1752,1192.36652,1174.29111,12.82828,11.95364,3.73
1753,1193.64803,1175.49342,12.80198,12.09255,3.73
1754,1194.92616,1176.70966,12.7607,12.23223,3.73
1755,1196.19967,1177.93967,12.70948,12.36801,3.73
1756,1197.46791,1179.18293,12.6552,12.49735,3.73
1757,1198.73089,1180.43875,12.60453,12.61886,3.73
1758,1199.98936,1181.70619,12.56488,12.72998,3.73
1759,1201.24479,1182.98396,12.54372,12.82547,3.73
1760,1202.49915,1184.27022,12.54346,12.89968,3.73
1761,1203.75424,1185.56271,12.55832,12.95022,3.73
1762,1205.01096,1186.85913,12.57595,12.97808,3.73
1763,1206.26878,1188.15733,12.58058,12.98589,3.73
1764,1207.52577,1189.45551,12.5591,12.97786,3.73
1765,1208.77918,1190.75241,12.50915,12.95999,3.73
1766,1210.02671,1192.04734,12.44142,12.93864,3.73
1767,1211.26746,1193.34025,12.37359,12.91955,3.73
1768,1212.50226,1194.6316,12.32237,12.90761,3.73
1769,1213.73334,1195.92233,12.29923,12.907,3.73
1770,1214.96375,1197.21374,12.30898,12.92112,3.73
1771,1216.19664,1198.50734,12.34886,12.9509,3.73
1772,1217.43458,1199.80455,12.41002,12.99335,3.73
1773,1218.67924,1201.10635,12.48307,13.04263,3.73
1774,1219.9315,1202.41308,12.56228,13.09184,3.73
1775,1221.19179,1203.72439,12.64343,13.13448,3.73
1776,1222.45997,1205.03944,12.7201,13.16642,3.73
1777,1223.7352,1206.35712,12.78461,13.18717,3.73
1778,1225.01605,1207.6764,12.83227,13.19851,3.73
1779,1226.30084,1208.99645,12.86362,13.20241,3.73
1780,1227.58821,1210.31663,12.88385,13.20126,3.73
1781,1228.87744,1211.63661,12.9007,13.19836,3.73
1782,1230.16855,1212.95633,12.92143,13.1961,3.73
1783,1231.4621,1214.27586,12.94955,13.19446,3.73
1784,1232.75875,1215.59519,12.98342,13.19204,3.73
1785,1234.05883,1216.91418,13.0182,13.18782,3.73
1786,1235.36222,1218.23267,13.04959,13.18194,3.73
1787,1236.66849,1219.55052,13.07598,13.17514,3.73
1788,1237.97721,1220.86765,13.09826,13.16741,3.73
1789,1239.28809,1222.1839,13.11939,13.15757,3.73
1790,1240.60125,1223.499,13.14378,13.14442,3.73
1791,1241.91719,1224.81259,13.1751,13.1275,3.73
1792,1243.23663,1226.12431,13.21378,13.10683,3.73
1793,1244.56018,1227.43382,13.25719,13.08339,3.73
1794,1245.88814,1228.74099,13.30194,13.06,3.73
1795,1247.22048,1230.04599,13.34483,13.03994,3.73
1796,1248.55684,1231.34922,13.38231,13.02479,3.73
1797,1249.89648,1232.65115,13.41057,13.01377,3.73
1798,1251.2383,1233.95205,13.42591,13.00429,3.73
1799,1252.58091,1235.25196,13.42633,12.99384,3.73
1800,1253.92287,1236.55075,13.4128,12.98191,3.73
1801,1255.26293,1237.84832,13.38835,12.96945,3.73
1802,1256.60019,1239.14465,13.35677,12.95714,3.73
1803,1257.93412,1240.43975,13.322,12.94495,3.73
1804,1259.26461,1241.73363,13.28761,12.93269,3.73
1805,1260.59179,1243.02629,13.25614,12.92053,3.73
1806,1261.91604,1244.31777,13.22881,12.90897,3.73
1807,1263.23776,1245.60814,13.20554,12.89845,3.73
1808,1264.55729,1246.89749,13.18521,12.88865,3.73
1809,1265.87488,1248.18584,13.16645,12.87825,3.73
1810,1267.19066,1249.47306,13.14928,12.86617,3.73
1811,1268.50491,1250.75901,13.13564,12.85293,3.73
1812,1269.81811,1252.04371,13.12836,12.84101,3.73
1813,1271.13103,1253.32747,13.13003,12.83421,3.73
1814,1272.44463,1254.61097,13.142,12.83575,3.73
1815,1273.75994,1255.8951,13.16428,12.84679,3.73
1816,1275.07798,1257.18076,13.19635,12.86636,3.73
1817,1276.39966,1258.46866,13.23738,12.89179,3.73
1818,1277.72578,1259.75922,13.28505,12.91934,3.73
1819,1279.05676,1261.05246,13.33453,12.9454,3.73
1820,1280.39248,1262.34812,13.37981,12.96777,3.73
1821,1281.73227,1263.64581,13.41591,12.98606,3.73
1822,1283.07508,1264.94518,13.44043,13.00141,3.73
1823,1284.41982,1266.24605,13.45429,13.01594,3.73
1824,1285.76561,1267.54842,13.46152,13.03159,3.73
1825,1287.11206,1268.85246,13.46755,13.0491,3.73
1826,1288.45932,1270.15833,13.47754,13.06832,3.73
1827,1289.80795,1271.46617,13.49513,13.08857,3.73
1828,1291.15873,1272.77605,13.52043,13.10884,3.73
1829,1292.51217,1274.08791,13.54831,13.12836,3.73
1830,1293.86806,1275.40167,13.56962,13.14702,3.73
1831,1295.22531,1276.71729,13.57531,13.16521,3.73
1832,1296.58214,1278.03473,13.56123,13.18374,3.73
1833,1297.9367,1279.3541,13.52996,13.20362,3.73
1834,1299.2876,1280.67559,13.48811,13.22603,3.73
1835,1300.63416,1281.99947,13.44306,13.25174,3.73
1836,1301.97641,1283.32609,13.40204,13.28057,3.73
1837,1303.31512,1284.65565,13.37206,13.3107,3.73
1838,1304.65166,1285.98809,13.35889,13.33807,3.73
1839,1305.98787,1287.32293,13.36514,13.35873,3.73
1840,1307.32558,1288.65952,13.38923,13.37314,3.73
1841,1308.66634,1289.99747,13.42589,13.38587,3.73
1842,1310.01103,1291.33683,13.46791,13.4012,3.73
1843,1311.35986,1292.67791,13.50866,13.42033,3.73
1844,1312.71248,1294.021,13.54385,13.44154,3.73
1845,1314.06827,1295.36614,13.57189,13.4612,3.73
1846,1315.42651,1296.71298,13.59297,13.47566,3.73
1847,1316.78659,1298.06099,13.60854,13.48451,3.73
1848,1318.14813,1299.40979,13.62218,13.49153,3.73
1849,1319.51121,1300.75946,13.63942,13.50195,3.73
1850,1320.87639,1302.11062,13.66418,13.52119,3.73
1851,1322.24435,1303.46447,13.69516,13.55571,3.73
1852,1323.61546,1304.82273,13.727,13.60965,3.73
1853,1324.98954,1306.18719,13.75463,13.6794,3.73
1854,1326.3661,1307.55893,13.77643,13.75547,3.73
1855,1327.74465,1308.93823,13.79456,13.83047,3.73
1856,1329.12504,1310.32487,13.81337,13.9024,3.73
1857,1330.50755,1311.71854,13.83686,13.97107,3.73
1858,1331.89273,1313.11884,13.86669,14.03475,3.73
1859,1333.28118,1314.52516,13.90222,14.09183,3.73
1860,1334.67336,1315.93691,13.94143,14.143,3.73
1861,1336.0695,1317.35356,13.98143,14.19002,3.73
1862,1337.46954,1318.77476,14.01924,14.23401,3.73
1863,1338.87314,1320.20021,14.05276,14.27505,3.73
1864,1340.27982,1321.62954,14.08095,14.31157,3.73
1865,1341.68904,1323.06213,14.10336,14.3401,3.73
1866,1343.10019,1324.49698,14.11971,14.357,3.73
1867,1344.51267,1325.93287,14.13001,14.36086,3.73
1868,1345.92598,1327.36861,14.13611,14.35392,3.73
1869,1347.33993,1328.80338,14.14292,14.34147,3.73
1870,1348.75489,1330.2369,14.15622,14.32899,3.73
1871,1350.17162,1331.66934,14.17839,14.31973,3.73
1872,1351.59085,1333.10103,14.20619,14.31405,3.73
1873,1353.01278,1334.53224,14.23248,14.31018,3.73
1874,1354.4369,1335.96302,14.24993,14.30535,3.73
1875,1355.86207,1337.39315,14.25348,14.29737,3.73
1876,1357.28685,1338.82232,14.24204,14.28597,3.73
1877,1358.70994,1340.25024,14.2197,14.27248,3.73
1878,1360.13061,1341.6768,14.19371,14.25863,3.73
1879,1361.54878,1343.10203,14.16979,14.24593,3.73
1880,1362.96475,1344.52607,14.14951,14.23501,3.73
1881,1364.37877,1345.94909,14.13087,14.22534,3.73
1882,1365.79083,1347.37122,14.11041,14.21715,3.73
1883,1367.20061,1348.79271,14.08527,14.21279,3.73
1884,1368.60759,1350.21405,14.05435,14.21399,3.73
1885,1370.01124,1351.63571,14.01855,14.21913,3.73
1886,1371.41119,1353.05787,13.98043,14.22416,3.73
1887,1372.80736,1354.48035,13.94293,14.22541,3.73
1888,1374.19992,1355.9027,13.90839,14.22166,3.73
1889,1375.5893,1357.32449,13.87907,14.21401,3.73